[    6171ms] [LOG] Angular is running in development mode. @ http://localhost:4200/@fs/Users/alec/Desktop/DentiProMain/.angular/cache/19.2.11/Dental/vite/deps/chunk-6QNI6B3L.js?v=cb27b5ff:15033
[    6351ms] [WARNING] NG0913: An image with src http://localhost:4200/logo-new.png has intrinsic file dimensions much larger than its rendered size. This can negatively impact application loading performance. For more information about addressing or disabling this warning, see https://angular.dev/errors/NG0913. Find more at https://angular.dev/errors/NG0913 @ https://eu-assets.i.posthog.com/static/posthog-recorder.js?v=1.364.6:0
[   24827ms] [LOG] [vite] server connection lost. Polling for restart... @ https://eu-assets.i.posthog.com/static/posthog-recorder.js?v=1.364.6:0
[   24829ms] [ERROR] WebSocket connection to 'ws://localhost:4200/' failed: Error in connection establishment: net::ERR_CONNECTION_REFUSED @ http://localhost:4200/@vite/client:985
[   25833ms] [ERROR] WebSocket connection to 'ws://localhost:4200/' failed: Error in connection establishment: net::ERR_CONNECTION_REFUSED @ http://localhost:4200/@vite/client:985
[   26836ms] [ERROR] WebSocket connection to 'ws://localhost:4200/' failed: Error in connection establishment: net::ERR_CONNECTION_REFUSED @ http://localhost:4200/@vite/client:985
[   27840ms] [ERROR] WebSocket connection to 'ws://localhost:4200/' failed: Error in connection establishment: net::ERR_CONNECTION_REFUSED @ http://localhost:4200/@vite/client:985
[   28845ms] [ERROR] WebSocket connection to 'ws://localhost:4200/' failed: Error in connection establishment: net::ERR_CONNECTION_REFUSED @ http://localhost:4200/@vite/client:985
[   29848ms] [ERROR] WebSocket connection to 'ws://localhost:4200/' failed: Error in connection establishment: net::ERR_CONNECTION_REFUSED @ http://localhost:4200/@vite/client:985
[   30852ms] [ERROR] WebSocket connection to 'ws://localhost:4200/' failed: Error in connection establishment: net::ERR_CONNECTION_REFUSED @ http://localhost:4200/@vite/client:985
[   31857ms] [ERROR] WebSocket connection to 'ws://localhost:4200/' failed: Error in connection establishment: net::ERR_CONNECTION_REFUSED @ http://localhost:4200/@vite/client:985
[   32861ms] [ERROR] WebSocket connection to 'ws://localhost:4200/' failed: Error in connection establishment: net::ERR_CONNECTION_REFUSED @ http://localhost:4200/@vite/client:985
[   33866ms] [ERROR] WebSocket connection to 'ws://localhost:4200/' failed: Error in connection establishment: net::ERR_CONNECTION_REFUSED @ http://localhost:4200/@vite/client:985
[   34871ms] [ERROR] WebSocket connection to 'ws://localhost:4200/' failed: Error in connection establishment: net::ERR_CONNECTION_REFUSED @ http://localhost:4200/@vite/client:985
[   35875ms] [ERROR] WebSocket connection to 'ws://localhost:4200/' failed: Error in connection establishment: net::ERR_CONNECTION_REFUSED @ http://localhost:4200/@vite/client:985
[   36879ms] [ERROR] WebSocket connection to 'ws://localhost:4200/' failed: Error in connection establishment: net::ERR_CONNECTION_REFUSED @ http://localhost:4200/@vite/client:985
[   37884ms] [ERROR] WebSocket connection to 'ws://localhost:4200/' failed: Error in connection establishment: net::ERR_CONNECTION_REFUSED @ http://localhost:4200/@vite/client:985
[   38889ms] [ERROR] WebSocket connection to 'ws://localhost:4200/' failed: Error in connection establishment: net::ERR_CONNECTION_REFUSED @ http://localhost:4200/@vite/client:985
[   39893ms] [ERROR] WebSocket connection to 'ws://localhost:4200/' failed: Error in connection establishment: net::ERR_CONNECTION_REFUSED @ http://localhost:4200/@vite/client:985
[   40896ms] [ERROR] WebSocket connection to 'ws://localhost:4200/' failed: Error in connection establishment: net::ERR_CONNECTION_REFUSED @ http://localhost:4200/@vite/client:985
[   41898ms] [ERROR] WebSocket connection to 'ws://localhost:4200/' failed: Error in connection establishment: net::ERR_CONNECTION_REFUSED @ http://localhost:4200/@vite/client:985
[   42901ms] [ERROR] WebSocket connection to 'ws://localhost:4200/' failed: Error in connection establishment: net::ERR_CONNECTION_REFUSED @ http://localhost:4200/@vite/client:985
[   43904ms] [ERROR] WebSocket connection to 'ws://localhost:4200/' failed: Error in connection establishment: net::ERR_CONNECTION_REFUSED @ http://localhost:4200/@vite/client:985
[   44909ms] [ERROR] WebSocket connection to 'ws://localhost:4200/' failed: Error in connection establishment: net::ERR_CONNECTION_REFUSED @ http://localhost:4200/@vite/client:985
[   45912ms] [ERROR] WebSocket connection to 'ws://localhost:4200/' failed: Error in connection establishment: net::ERR_CONNECTION_REFUSED @ http://localhost:4200/@vite/client:985
[   46918ms] [ERROR] WebSocket connection to 'ws://localhost:4200/' failed: Error in connection establishment: net::ERR_CONNECTION_REFUSED @ http://localhost:4200/@vite/client:985
[   47922ms] [ERROR] WebSocket connection to 'ws://localhost:4200/' failed: Error in connection establishment: net::ERR_CONNECTION_REFUSED @ http://localhost:4200/@vite/client:985
[   48927ms] [ERROR] WebSocket connection to 'ws://localhost:4200/' failed: Error in connection establishment: net::ERR_CONNECTION_REFUSED @ http://localhost:4200/@vite/client:985
[   49932ms] [ERROR] WebSocket connection to 'ws://localhost:4200/' failed: Error in connection establishment: net::ERR_CONNECTION_REFUSED @ http://localhost:4200/@vite/client:985
[   50935ms] [ERROR] WebSocket connection to 'ws://localhost:4200/' failed: Error in connection establishment: net::ERR_CONNECTION_REFUSED @ http://localhost:4200/@vite/client:985
[   51941ms] [ERROR] WebSocket connection to 'ws://localhost:4200/' failed: Error in connection establishment: net::ERR_CONNECTION_REFUSED @ http://localhost:4200/@vite/client:985
[   52946ms] [ERROR] WebSocket connection to 'ws://localhost:4200/' failed: Error in connection establishment: net::ERR_CONNECTION_REFUSED @ http://localhost:4200/@vite/client:985
[   53953ms] [ERROR] WebSocket connection to 'ws://localhost:4200/' failed: Error in connection establishment: net::ERR_CONNECTION_REFUSED @ http://localhost:4200/@vite/client:985
[   54957ms] [ERROR] WebSocket connection to 'ws://localhost:4200/' failed: Error in connection establishment: net::ERR_CONNECTION_REFUSED @ http://localhost:4200/@vite/client:985
[   55962ms] [ERROR] WebSocket connection to 'ws://localhost:4200/' failed: Error in connection establishment: net::ERR_CONNECTION_REFUSED @ http://localhost:4200/@vite/client:985
[   56967ms] [ERROR] WebSocket connection to 'ws://localhost:4200/' failed: Error in connection establishment: net::ERR_CONNECTION_REFUSED @ http://localhost:4200/@vite/client:985
[   57975ms] [ERROR] WebSocket connection to 'ws://localhost:4200/' failed: Error in connection establishment: net::ERR_CONNECTION_REFUSED @ http://localhost:4200/@vite/client:985
[   58983ms] [ERROR] WebSocket connection to 'ws://localhost:4200/' failed: Error in connection establishment: net::ERR_CONNECTION_REFUSED @ http://localhost:4200/@vite/client:985
[   59990ms] [ERROR] WebSocket connection to 'ws://localhost:4200/' failed: Error in connection establishment: net::ERR_CONNECTION_REFUSED @ http://localhost:4200/@vite/client:985
[   60995ms] [ERROR] WebSocket connection to 'ws://localhost:4200/' failed: Error in connection establishment: net::ERR_CONNECTION_REFUSED @ http://localhost:4200/@vite/client:985
[   62007ms] [ERROR] WebSocket connection to 'ws://localhost:4200/' failed: Error in connection establishment: net::ERR_CONNECTION_REFUSED @ http://localhost:4200/@vite/client:985
[   63018ms] [ERROR] WebSocket connection to 'ws://localhost:4200/' failed: Error in connection establishment: net::ERR_CONNECTION_REFUSED @ http://localhost:4200/@vite/client:985
[   64022ms] [ERROR] WebSocket connection to 'ws://localhost:4200/' failed: Error in connection establishment: net::ERR_CONNECTION_REFUSED @ http://localhost:4200/@vite/client:985
[   65029ms] [ERROR] WebSocket connection to 'ws://localhost:4200/' failed: Error in connection establishment: net::ERR_CONNECTION_REFUSED @ http://localhost:4200/@vite/client:985
[   66034ms] [ERROR] WebSocket connection to 'ws://localhost:4200/' failed: Error in connection establishment: net::ERR_CONNECTION_REFUSED @ http://localhost:4200/@vite/client:985
[   67044ms] [ERROR] WebSocket connection to 'ws://localhost:4200/' failed: Error in connection establishment: net::ERR_CONNECTION_REFUSED @ http://localhost:4200/@vite/client:985
[   68049ms] [ERROR] WebSocket connection to 'ws://localhost:4200/' failed: Error in connection establishment: net::ERR_CONNECTION_REFUSED @ http://localhost:4200/@vite/client:985
[   69061ms] [ERROR] WebSocket connection to 'ws://localhost:4200/' failed: Error in connection establishment: net::ERR_CONNECTION_REFUSED @ http://localhost:4200/@vite/client:985
[   70070ms] [ERROR] WebSocket connection to 'ws://localhost:4200/' failed: Error in connection establishment: net::ERR_CONNECTION_REFUSED @ http://localhost:4200/@vite/client:985
[   71085ms] [ERROR] WebSocket connection to 'ws://localhost:4200/' failed: Error in connection establishment: net::ERR_CONNECTION_REFUSED @ http://localhost:4200/@vite/client:985
[   72100ms] [ERROR] WebSocket connection to 'ws://localhost:4200/' failed: Error in connection establishment: net::ERR_CONNECTION_REFUSED @ http://localhost:4200/@vite/client:985
[   73107ms] [ERROR] WebSocket connection to 'ws://localhost:4200/' failed: Error in connection establishment: net::ERR_CONNECTION_REFUSED @ http://localhost:4200/@vite/client:985
[   74134ms] [ERROR] WebSocket connection to 'ws://localhost:4200/' failed: Error in connection establishment: net::ERR_CONNECTION_REFUSED @ http://localhost:4200/@vite/client:985
[   75158ms] [ERROR] WebSocket connection to 'ws://localhost:4200/' failed: Error in connection establishment: net::ERR_CONNECTION_REFUSED @ http://localhost:4200/@vite/client:985
[   76171ms] [ERROR] WebSocket connection to 'ws://localhost:4200/' failed: Error in connection establishment: net::ERR_CONNECTION_REFUSED @ http://localhost:4200/@vite/client:985
[   77193ms] [ERROR] WebSocket connection to 'ws://localhost:4200/' failed: Error in connection establishment: net::ERR_CONNECTION_REFUSED @ http://localhost:4200/@vite/client:985
[   78220ms] [ERROR] WebSocket connection to 'ws://localhost:4200/' failed: Error in connection establishment: net::ERR_CONNECTION_REFUSED @ http://localhost:4200/@vite/client:985
[   79249ms] [ERROR] WebSocket connection to 'ws://localhost:4200/' failed: Error in connection establishment: net::ERR_CONNECTION_REFUSED @ http://localhost:4200/@vite/client:985
[   80277ms] [ERROR] WebSocket connection to 'ws://localhost:4200/' failed: Error in connection establishment: net::ERR_CONNECTION_REFUSED @ http://localhost:4200/@vite/client:985
[   81300ms] [ERROR] WebSocket connection to 'ws://localhost:4200/' failed: Error in connection establishment: net::ERR_CONNECTION_REFUSED @ http://localhost:4200/@vite/client:985
[   82336ms] [ERROR] WebSocket connection to 'ws://localhost:4200/' failed: Error in connection establishment: net::ERR_CONNECTION_REFUSED @ http://localhost:4200/@vite/client:985
[   83361ms] [ERROR] WebSocket connection to 'ws://localhost:4200/' failed: Error in connection establishment: net::ERR_CONNECTION_REFUSED @ http://localhost:4200/@vite/client:985
[   84383ms] [ERROR] WebSocket connection to 'ws://localhost:4200/' failed: Error in connection establishment: net::ERR_CONNECTION_REFUSED @ http://localhost:4200/@vite/client:985
[   85433ms] [ERROR] WebSocket connection to 'ws://localhost:4200/' failed: Error in connection establishment: net::ERR_CONNECTION_REFUSED @ http://localhost:4200/@vite/client:985
[   86470ms] [ERROR] WebSocket connection to 'ws://localhost:4200/' failed: Error in connection establishment: net::ERR_CONNECTION_REFUSED @ http://localhost:4200/@vite/client:985
[   87492ms] [ERROR] WebSocket connection to 'ws://localhost:4200/' failed: Error in connection establishment: net::ERR_CONNECTION_REFUSED @ http://localhost:4200/@vite/client:985
[   88561ms] [ERROR] WebSocket connection to 'ws://localhost:4200/' failed: Error in connection establishment: net::ERR_CONNECTION_REFUSED @ http://localhost:4200/@vite/client:985
[   89618ms] [ERROR] WebSocket connection to 'ws://localhost:4200/' failed: Error in connection establishment: net::ERR_CONNECTION_REFUSED @ http://localhost:4200/@vite/client:985
[   90700ms] [ERROR] WebSocket connection to 'ws://localhost:4200/' failed: Error in connection establishment: net::ERR_CONNECTION_REFUSED @ http://localhost:4200/@vite/client:985
[   91770ms] [ERROR] WebSocket connection to 'ws://localhost:4200/' failed: Error in connection establishment: net::ERR_CONNECTION_REFUSED @ http://localhost:4200/@vite/client:985
[   92836ms] [ERROR] WebSocket connection to 'ws://localhost:4200/' failed: Error in connection establishment: net::ERR_CONNECTION_REFUSED @ http://localhost:4200/@vite/client:985
[   93901ms] [ERROR] WebSocket connection to 'ws://localhost:4200/' failed: Error in connection establishment: net::ERR_CONNECTION_REFUSED @ http://localhost:4200/@vite/client:985
[   94967ms] [ERROR] WebSocket connection to 'ws://localhost:4200/' failed: Error in connection establishment: net::ERR_CONNECTION_REFUSED @ http://localhost:4200/@vite/client:985
[   96064ms] [ERROR] WebSocket connection to 'ws://localhost:4200/' failed: Error in connection establishment: net::ERR_CONNECTION_REFUSED @ http://localhost:4200/@vite/client:985
[   97127ms] [ERROR] WebSocket connection to 'ws://localhost:4200/' failed: Error in connection establishment: net::ERR_CONNECTION_REFUSED @ http://localhost:4200/@vite/client:985
[   98253ms] [ERROR] WebSocket connection to 'ws://localhost:4200/' failed: Error in connection establishment: net::ERR_CONNECTION_REFUSED @ http://localhost:4200/@vite/client:985
[   99378ms] [ERROR] WebSocket connection to 'ws://localhost:4200/' failed: Error in connection establishment: net::ERR_CONNECTION_REFUSED @ http://localhost:4200/@vite/client:985
[  100537ms] [ERROR] WebSocket connection to 'ws://localhost:4200/' failed: Error in connection establishment: net::ERR_CONNECTION_REFUSED @ http://localhost:4200/@vite/client:985
[  101616ms] [ERROR] WebSocket connection to 'ws://localhost:4200/' failed: Error in connection establishment: net::ERR_CONNECTION_REFUSED @ http://localhost:4200/@vite/client:985
[  102735ms] [ERROR] WebSocket connection to 'ws://localhost:4200/' failed: Error in connection establishment: net::ERR_CONNECTION_REFUSED @ http://localhost:4200/@vite/client:985
[  103893ms] [ERROR] WebSocket connection to 'ws://localhost:4200/' failed: Error in connection establishment: net::ERR_CONNECTION_REFUSED @ http://localhost:4200/@vite/client:985
[  105094ms] [ERROR] WebSocket connection to 'ws://localhost:4200/' failed: Error in connection establishment: net::ERR_CONNECTION_REFUSED @ http://localhost:4200/@vite/client:985
[  106368ms] [ERROR] WebSocket connection to 'ws://localhost:4200/' failed: Error in connection establishment: net::ERR_CONNECTION_REFUSED @ http://localhost:4200/@vite/client:985
[  107493ms] [ERROR] WebSocket connection to 'ws://localhost:4200/' failed: Error in connection establishment: net::ERR_CONNECTION_REFUSED @ http://localhost:4200/@vite/client:985
[  109981ms] [ERROR] WebSocket connection to 'ws://localhost:4200/' failed: Error in connection establishment: net::ERR_CONNECTION_REFUSED @ http://localhost:4200/@vite/client:985
[  111096ms] [ERROR] WebSocket connection to 'ws://localhost:4200/' failed: Error in connection establishment: net::ERR_CONNECTION_REFUSED @ http://localhost:4200/@vite/client:985
[  112173ms] [ERROR] WebSocket connection to 'ws://localhost:4200/' failed: Error in connection establishment: net::ERR_CONNECTION_REFUSED @ http://localhost:4200/@vite/client:985
[  113594ms] [ERROR] WebSocket connection to 'ws://localhost:4200/' failed: Error in connection establishment: net::ERR_CONNECTION_REFUSED @ http://localhost:4200/@vite/client:985
[  115121ms] [ERROR] WebSocket connection to 'ws://localhost:4200/' failed: Error in connection establishment: net::ERR_CONNECTION_REFUSED @ http://localhost:4200/@vite/client:985
[  116292ms] [ERROR] WebSocket connection to 'ws://localhost:4200/' failed: Error in connection establishment: net::ERR_CONNECTION_REFUSED @ http://localhost:4200/@vite/client:985
[  117864ms] [ERROR] WebSocket connection to 'ws://localhost:4200/' failed: Error in connection establishment: net::ERR_CONNECTION_REFUSED @ http://localhost:4200/@vite/client:985
[  119382ms] [ERROR] WebSocket connection to 'ws://localhost:4200/' failed: Error in connection establishment: net::ERR_CONNECTION_REFUSED @ http://localhost:4200/@vite/client:985
[  120814ms] [ERROR] WebSocket connection to 'ws://localhost:4200/' failed: Error in connection establishment: net::ERR_CONNECTION_REFUSED @ http://localhost:4200/@vite/client:985
[  122260ms] [ERROR] WebSocket connection to 'ws://localhost:4200/' failed: Error in connection establishment: net::ERR_CONNECTION_REFUSED @ http://localhost:4200/@vite/client:985
[  124367ms] [ERROR] WebSocket connection to 'ws://localhost:4200/' failed: Error in connection establishment: net::ERR_CONNECTION_REFUSED @ http://localhost:4200/@vite/client:985
[  126095ms] [ERROR] WebSocket connection to 'ws://localhost:4200/' failed: Error in connection establishment: net::ERR_CONNECTION_REFUSED @ http://localhost:4200/@vite/client:985
[  128220ms] [ERROR] WebSocket connection to 'ws://localhost:4200/' failed: Error in connection establishment: net::ERR_CONNECTION_REFUSED @ http://localhost:4200/@vite/client:985
[  129498ms] [ERROR] WebSocket connection to 'ws://localhost:4200/' failed: Error in connection establishment: net::ERR_CONNECTION_REFUSED @ http://localhost:4200/@vite/client:985
[  131428ms] [ERROR] WebSocket connection to 'ws://localhost:4200/' failed: Error in connection establishment: net::ERR_CONNECTION_REFUSED @ http://localhost:4200/@vite/client:985
[  133684ms] [ERROR] WebSocket connection to 'ws://localhost:4200/' failed: Error in connection establishment: net::ERR_CONNECTION_REFUSED @ http://localhost:4200/@vite/client:985
[  135327ms] [ERROR] WebSocket connection to 'ws://localhost:4200/' failed: Error in connection establishment: net::ERR_CONNECTION_REFUSED @ http://localhost:4200/@vite/client:985
[  137787ms] [ERROR] WebSocket connection to 'ws://localhost:4200/' failed: Error in connection establishment: net::ERR_CONNECTION_REFUSED @ http://localhost:4200/@vite/client:985
[  140316ms] [ERROR] WebSocket connection to 'ws://localhost:4200/' failed: Error in connection establishment: net::ERR_CONNECTION_REFUSED @ http://localhost:4200/@vite/client:985
[  142002ms] [ERROR] WebSocket connection to 'ws://localhost:4200/' failed: Error in connection establishment: net::ERR_CONNECTION_REFUSED @ http://localhost:4200/@vite/client:985
[  144120ms] [ERROR] WebSocket connection to 'ws://localhost:4200/' failed: Error in connection establishment: net::ERR_CONNECTION_REFUSED @ http://localhost:4200/@vite/client:985
[  146889ms] [ERROR] WebSocket connection to 'ws://localhost:4200/' failed: Error in connection establishment: net::ERR_CONNECTION_REFUSED @ http://localhost:4200/@vite/client:985
[  150341ms] [ERROR] WebSocket connection to 'ws://localhost:4200/' failed: Error in connection establishment: net::ERR_CONNECTION_REFUSED @ http://localhost:4200/@vite/client:985
[  152710ms] [ERROR] WebSocket connection to 'ws://localhost:4200/' failed: Error in connection establishment: net::ERR_CONNECTION_REFUSED @ http://localhost:4200/@vite/client:985
[  158383ms] [ERROR] WebSocket connection to 'ws://localhost:4200/' failed: Error in connection establishment: net::ERR_CONNECTION_REFUSED @ http://localhost:4200/@vite/client:985
[  160982ms] [ERROR] WebSocket connection to 'ws://localhost:4200/' failed: Error in connection establishment: net::ERR_CONNECTION_REFUSED @ http://localhost:4200/@vite/client:985
[  164716ms] [ERROR] WebSocket connection to 'ws://localhost:4200/' failed: Error in connection establishment: net::ERR_CONNECTION_REFUSED @ http://localhost:4200/@vite/client:985
[  169510ms] [ERROR] WebSocket connection to 'ws://localhost:4200/' failed: Error in connection establishment: net::ERR_CONNECTION_REFUSED @ http://localhost:4200/@vite/client:985
[  171555ms] [ERROR] WebSocket connection to 'ws://localhost:4200/' failed: Error in connection establishment: net::ERR_CONNECTION_REFUSED @ http://localhost:4200/@vite/client:985
[  176987ms] [ERROR] WebSocket connection to 'ws://localhost:4200/' failed: Error in connection establishment: net::ERR_CONNECTION_REFUSED @ http://localhost:4200/@vite/client:985
[  179295ms] [ERROR] WebSocket connection to 'ws://localhost:4200/' failed: Error in connection establishment: net::ERR_CONNECTION_REFUSED @ http://localhost:4200/@vite/client:985
[  181512ms] [ERROR] WebSocket connection to 'ws://localhost:4200/' failed: Error in connection establishment: net::ERR_CONNECTION_REFUSED @ http://localhost:4200/@vite/client:985
[  184164ms] [ERROR] WebSocket connection to 'ws://localhost:4200/' failed: Error in connection establishment: net::ERR_CONNECTION_REFUSED @ http://localhost:4200/@vite/client:985
[  187624ms] [ERROR] WebSocket connection to 'ws://localhost:4200/' failed: Error in connection establishment: net::ERR_CONNECTION_REFUSED @ http://localhost:4200/@vite/client:985
[  190457ms] [ERROR] WebSocket connection to 'ws://localhost:4200/' failed: Error in connection establishment: net::ERR_CONNECTION_REFUSED @ http://localhost:4200/@vite/client:985
[  192796ms] [ERROR] WebSocket connection to 'ws://localhost:4200/' failed: Error in connection establishment: net::ERR_CONNECTION_REFUSED @ http://localhost:4200/@vite/client:985
[  196798ms] [ERROR] WebSocket connection to 'ws://localhost:4200/' failed: Error in connection establishment: net::ERR_CONNECTION_REFUSED @ http://localhost:4200/@vite/client:985
[  202238ms] [ERROR] WebSocket connection to 'ws://localhost:4200/' failed: Error in connection establishment: net::ERR_CONNECTION_REFUSED @ http://localhost:4200/@vite/client:985
[  204397ms] [ERROR] WebSocket connection to 'ws://localhost:4200/' failed: Error in connection establishment: net::ERR_CONNECTION_REFUSED @ http://localhost:4200/@vite/client:985
[  207538ms] [ERROR] WebSocket connection to 'ws://localhost:4200/' failed: Error in connection establishment: net::ERR_CONNECTION_REFUSED @ http://localhost:4200/@vite/client:985
[  212473ms] [ERROR] WebSocket connection to 'ws://localhost:4200/' failed: Error in connection establishment: net::ERR_CONNECTION_REFUSED @ http://localhost:4200/@vite/client:985
[  217133ms] [ERROR] WebSocket connection to 'ws://localhost:4200/' failed: Error in connection establishment: net::ERR_CONNECTION_REFUSED @ http://localhost:4200/@vite/client:985
[  222650ms] [ERROR] WebSocket connection to 'ws://localhost:4200/' failed: Error in connection establishment: net::ERR_CONNECTION_REFUSED @ http://localhost:4200/@vite/client:985
[  225497ms] [ERROR] WebSocket connection to 'ws://localhost:4200/' failed: Error in connection establishment: net::ERR_CONNECTION_REFUSED @ http://localhost:4200/@vite/client:985
[  231080ms] [ERROR] WebSocket connection to 'ws://localhost:4200/' failed: Error in connection establishment: net::ERR_CONNECTION_REFUSED @ http://localhost:4200/@vite/client:985
[  233935ms] [ERROR] WebSocket connection to 'ws://localhost:4200/' failed: Error in connection establishment: net::ERR_CONNECTION_REFUSED @ http://localhost:4200/@vite/client:985
[  236702ms] [ERROR] WebSocket connection to 'ws://localhost:4200/' failed: Error in connection establishment: net::ERR_CONNECTION_REFUSED @ http://localhost:4200/@vite/client:985
[  239208ms] [ERROR] WebSocket connection to 'ws://localhost:4200/' failed: Error in connection establishment: net::ERR_CONNECTION_REFUSED @ http://localhost:4200/@vite/client:985
[  242967ms] [ERROR] WebSocket connection to 'ws://localhost:4200/' failed: Error in connection establishment: net::ERR_CONNECTION_REFUSED @ http://localhost:4200/@vite/client:985
[  245891ms] [ERROR] WebSocket connection to 'ws://localhost:4200/' failed: Error in connection establishment: net::ERR_CONNECTION_REFUSED @ http://localhost:4200/@vite/client:985
[  248063ms] [ERROR] WebSocket connection to 'ws://localhost:4200/' failed: Error in connection establishment: net::ERR_CONNECTION_REFUSED @ http://localhost:4200/@vite/client:985
[  253817ms] [ERROR] WebSocket connection to 'ws://localhost:4200/' failed: Error in connection establishment: net::ERR_CONNECTION_REFUSED @ http://localhost:4200/@vite/client:985
[  258569ms] [ERROR] WebSocket connection to 'ws://localhost:4200/' failed: Error in connection establishment: net::ERR_CONNECTION_REFUSED @ http://localhost:4200/@vite/client:985
[  264215ms] [ERROR] WebSocket connection to 'ws://localhost:4200/' failed: Error in connection establishment: net::ERR_CONNECTION_REFUSED @ http://localhost:4200/@vite/client:985
[  267587ms] [ERROR] WebSocket connection to 'ws://localhost:4200/' failed: Error in connection establishment: net::ERR_CONNECTION_REFUSED @ http://localhost:4200/@vite/client:985
[  270469ms] [ERROR] WebSocket connection to 'ws://localhost:4200/' failed: Error in connection establishment: net::ERR_CONNECTION_REFUSED @ http://localhost:4200/@vite/client:985
[  273971ms] [ERROR] WebSocket connection to 'ws://localhost:4200/' failed: Error in connection establishment: net::ERR_CONNECTION_REFUSED @ http://localhost:4200/@vite/client:985
[  277855ms] [ERROR] WebSocket connection to 'ws://localhost:4200/' failed: Error in connection establishment: net::ERR_CONNECTION_REFUSED @ http://localhost:4200/@vite/client:985
[  281255ms] [ERROR] WebSocket connection to 'ws://localhost:4200/' failed: Error in connection establishment: net::ERR_CONNECTION_REFUSED @ http://localhost:4200/@vite/client:985
[  284978ms] [ERROR] WebSocket connection to 'ws://localhost:4200/' failed: Error in connection establishment: net::ERR_CONNECTION_REFUSED @ http://localhost:4200/@vite/client:985
[  288637ms] [ERROR] WebSocket connection to 'ws://localhost:4200/' failed: Error in connection establishment: net::ERR_CONNECTION_REFUSED @ http://localhost:4200/@vite/client:985
[  292542ms] [ERROR] WebSocket connection to 'ws://localhost:4200/' failed: Error in connection establishment: net::ERR_CONNECTION_REFUSED @ http://localhost:4200/@vite/client:985
[  295737ms] [ERROR] WebSocket connection to 'ws://localhost:4200/' failed: Error in connection establishment: net::ERR_CONNECTION_REFUSED @ http://localhost:4200/@vite/client:985
[  298402ms] [ERROR] WebSocket connection to 'ws://localhost:4200/' failed: Error in connection establishment: net::ERR_CONNECTION_REFUSED @ http://localhost:4200/@vite/client:985
[  304373ms] [ERROR] WebSocket connection to 'ws://localhost:4200/' failed: Error in connection establishment: net::ERR_CONNECTION_REFUSED @ http://localhost:4200/@vite/client:985
[  308087ms] [ERROR] WebSocket connection to 'ws://localhost:4200/' failed: Error in connection establishment: net::ERR_CONNECTION_REFUSED @ http://localhost:4200/@vite/client:985
[  311616ms] [ERROR] WebSocket connection to 'ws://localhost:4200/' failed: Error in connection establishment: net::ERR_CONNECTION_REFUSED @ http://localhost:4200/@vite/client:985
[  314097ms] [ERROR] WebSocket connection to 'ws://localhost:4200/' failed: Error in connection establishment: net::ERR_CONNECTION_REFUSED @ http://localhost:4200/@vite/client:985
[  316697ms] [ERROR] WebSocket connection to 'ws://localhost:4200/' failed: Error in connection establishment: net::ERR_CONNECTION_REFUSED @ http://localhost:4200/@vite/client:985
[  319388ms] [ERROR] WebSocket connection to 'ws://localhost:4200/' failed: Error in connection establishment: net::ERR_CONNECTION_REFUSED @ http://localhost:4200/@vite/client:985
[  323042ms] [ERROR] WebSocket connection to 'ws://localhost:4200/' failed: Error in connection establishment: net::ERR_CONNECTION_REFUSED @ http://localhost:4200/@vite/client:985
[  328257ms] [ERROR] WebSocket connection to 'ws://localhost:4200/' failed: Error in connection establishment: net::ERR_CONNECTION_REFUSED @ http://localhost:4200/@vite/client:985
[  331843ms] [ERROR] WebSocket connection to 'ws://localhost:4200/' failed: Error in connection establishment: net::ERR_CONNECTION_REFUSED @ http://localhost:4200/@vite/client:985
[  336217ms] [ERROR] WebSocket connection to 'ws://localhost:4200/' failed: Error in connection establishment: net::ERR_CONNECTION_REFUSED @ http://localhost:4200/@vite/client:985
[  340454ms] [ERROR] WebSocket connection to 'ws://localhost:4200/' failed: Error in connection establishment: net::ERR_CONNECTION_REFUSED @ http://localhost:4200/@vite/client:985
[  345886ms] [ERROR] WebSocket connection to 'ws://localhost:4200/' failed: Error in connection establishment: net::ERR_CONNECTION_REFUSED @ http://localhost:4200/@vite/client:985
[  348939ms] [ERROR] WebSocket connection to 'ws://localhost:4200/' failed: Error in connection establishment: net::ERR_CONNECTION_REFUSED @ http://localhost:4200/@vite/client:985
[  351465ms] [ERROR] WebSocket connection to 'ws://localhost:4200/' failed: Error in connection establishment: net::ERR_CONNECTION_REFUSED @ http://localhost:4200/@vite/client:985
[  355619ms] [ERROR] WebSocket connection to 'ws://localhost:4200/' failed: Error in connection establishment: net::ERR_CONNECTION_REFUSED @ http://localhost:4200/@vite/client:985
[  358647ms] [ERROR] WebSocket connection to 'ws://localhost:4200/' failed: Error in connection establishment: net::ERR_CONNECTION_REFUSED @ http://localhost:4200/@vite/client:985
[  360809ms] [ERROR] WebSocket connection to 'ws://localhost:4200/' failed: Error in connection establishment: net::ERR_CONNECTION_REFUSED @ http://localhost:4200/@vite/client:985
[  363222ms] [ERROR] WebSocket connection to 'ws://localhost:4200/' failed: Error in connection establishment: net::ERR_CONNECTION_REFUSED @ http://localhost:4200/@vite/client:985
[  367850ms] [ERROR] WebSocket connection to 'ws://localhost:4200/' failed: Error in connection establishment: net::ERR_CONNECTION_REFUSED @ http://localhost:4200/@vite/client:985
[  373253ms] [ERROR] WebSocket connection to 'ws://localhost:4200/' failed: Error in connection establishment: net::ERR_CONNECTION_REFUSED @ http://localhost:4200/@vite/client:985
[  378356ms] [ERROR] WebSocket connection to 'ws://localhost:4200/' failed: Error in connection establishment: net::ERR_CONNECTION_REFUSED @ http://localhost:4200/@vite/client:985
[  383650ms] [ERROR] WebSocket connection to 'ws://localhost:4200/' failed: Error in connection establishment: net::ERR_CONNECTION_REFUSED @ http://localhost:4200/@vite/client:985
[  387085ms] [ERROR] WebSocket connection to 'ws://localhost:4200/' failed: Error in connection establishment: net::ERR_CONNECTION_REFUSED @ http://localhost:4200/@vite/client:985
[  389439ms] [ERROR] WebSocket connection to 'ws://localhost:4200/' failed: Error in connection establishment: net::ERR_CONNECTION_REFUSED @ http://localhost:4200/@vite/client:985
[  394779ms] [ERROR] WebSocket connection to 'ws://localhost:4200/' failed: Error in connection establishment: net::ERR_CONNECTION_REFUSED @ http://localhost:4200/@vite/client:985
[  399585ms] [ERROR] WebSocket connection to 'ws://localhost:4200/' failed: Error in connection establishment: net::ERR_CONNECTION_REFUSED @ http://localhost:4200/@vite/client:985
[  403860ms] [ERROR] WebSocket connection to 'ws://localhost:4200/' failed: Error in connection establishment: net::ERR_CONNECTION_REFUSED @ http://localhost:4200/@vite/client:985
[  407751ms] [ERROR] WebSocket connection to 'ws://localhost:4200/' failed: Error in connection establishment: net::ERR_CONNECTION_REFUSED @ http://localhost:4200/@vite/client:985
[  411144ms] [ERROR] WebSocket connection to 'ws://localhost:4200/' failed: Error in connection establishment: net::ERR_CONNECTION_REFUSED @ http://localhost:4200/@vite/client:985
[  415088ms] [ERROR] WebSocket connection to 'ws://localhost:4200/' failed: Error in connection establishment: net::ERR_CONNECTION_REFUSED @ http://localhost:4200/@vite/client:985
[  419238ms] [ERROR] WebSocket connection to 'ws://localhost:4200/' failed: Error in connection establishment: net::ERR_CONNECTION_REFUSED @ http://localhost:4200/@vite/client:985
[  425014ms] [ERROR] WebSocket connection to 'ws://localhost:4200/' failed: Error in connection establishment: net::ERR_CONNECTION_REFUSED @ http://localhost:4200/@vite/client:985
[  427982ms] [ERROR] WebSocket connection to 'ws://localhost:4200/' failed: Error in connection establishment: net::ERR_CONNECTION_REFUSED @ http://localhost:4200/@vite/client:985
[  430105ms] [ERROR] WebSocket connection to 'ws://localhost:4200/' failed: Error in connection establishment: net::ERR_CONNECTION_REFUSED @ http://localhost:4200/@vite/client:985
[  435739ms] [ERROR] WebSocket connection to 'ws://localhost:4200/' failed: Error in connection establishment: net::ERR_CONNECTION_REFUSED @ http://localhost:4200/@vite/client:985
[  439011ms] [ERROR] WebSocket connection to 'ws://localhost:4200/' failed: Error in connection establishment: net::ERR_CONNECTION_REFUSED @ http://localhost:4200/@vite/client:985
[  444213ms] [ERROR] WebSocket connection to 'ws://localhost:4200/' failed: Error in connection establishment: net::ERR_CONNECTION_REFUSED @ http://localhost:4200/@vite/client:985
[  448582ms] [ERROR] WebSocket connection to 'ws://localhost:4200/' failed: Error in connection establishment: net::ERR_CONNECTION_REFUSED @ http://localhost:4200/@vite/client:985
[  454503ms] [ERROR] WebSocket connection to 'ws://localhost:4200/' failed: Error in connection establishment: net::ERR_CONNECTION_REFUSED @ http://localhost:4200/@vite/client:985
[  459029ms] [ERROR] WebSocket connection to 'ws://localhost:4200/' failed: Error in connection establishment: net::ERR_CONNECTION_REFUSED @ http://localhost:4200/@vite/client:985
[  463134ms] [ERROR] WebSocket connection to 'ws://localhost:4200/' failed: Error in connection establishment: net::ERR_CONNECTION_REFUSED @ http://localhost:4200/@vite/client:985
[  466164ms] [ERROR] WebSocket connection to 'ws://localhost:4200/' failed: Error in connection establishment: net::ERR_CONNECTION_REFUSED @ http://localhost:4200/@vite/client:985
[  470473ms] [ERROR] WebSocket connection to 'ws://localhost:4200/' failed: Error in connection establishment: net::ERR_CONNECTION_REFUSED @ http://localhost:4200/@vite/client:985
[  474431ms] [ERROR] WebSocket connection to 'ws://localhost:4200/' failed: Error in connection establishment: net::ERR_CONNECTION_REFUSED @ http://localhost:4200/@vite/client:985
[  479014ms] [ERROR] WebSocket connection to 'ws://localhost:4200/' failed: Error in connection establishment: net::ERR_CONNECTION_REFUSED @ http://localhost:4200/@vite/client:985
[  482083ms] [ERROR] WebSocket connection to 'ws://localhost:4200/' failed: Error in connection establishment: net::ERR_CONNECTION_REFUSED @ http://localhost:4200/@vite/client:985
[  487802ms] [ERROR] WebSocket connection to 'ws://localhost:4200/' failed: Error in connection establishment: net::ERR_CONNECTION_REFUSED @ http://localhost:4200/@vite/client:985
[  491788ms] [ERROR] WebSocket connection to 'ws://localhost:4200/' failed: Error in connection establishment: net::ERR_CONNECTION_REFUSED @ http://localhost:4200/@vite/client:985
[  496244ms] [ERROR] WebSocket connection to 'ws://localhost:4200/' failed: Error in connection establishment: net::ERR_CONNECTION_REFUSED @ http://localhost:4200/@vite/client:985
[  499571ms] [ERROR] WebSocket connection to 'ws://localhost:4200/' failed: Error in connection establishment: net::ERR_CONNECTION_REFUSED @ http://localhost:4200/@vite/client:985
[  504550ms] [ERROR] WebSocket connection to 'ws://localhost:4200/' failed: Error in connection establishment: net::ERR_CONNECTION_REFUSED @ http://localhost:4200/@vite/client:985
[  509413ms] [ERROR] WebSocket connection to 'ws://localhost:4200/' failed: Error in connection establishment: net::ERR_CONNECTION_REFUSED @ http://localhost:4200/@vite/client:985
[  513995ms] [ERROR] WebSocket connection to 'ws://localhost:4200/' failed: Error in connection establishment: net::ERR_CONNECTION_REFUSED @ http://localhost:4200/@vite/client:985
[  518240ms] [ERROR] WebSocket connection to 'ws://localhost:4200/' failed: Error in connection establishment: net::ERR_CONNECTION_REFUSED @ http://localhost:4200/@vite/client:985
[  522394ms] [ERROR] WebSocket connection to 'ws://localhost:4200/' failed: Error in connection establishment: net::ERR_CONNECTION_REFUSED @ http://localhost:4200/@vite/client:985
[  526478ms] [ERROR] WebSocket connection to 'ws://localhost:4200/' failed: Error in connection establishment: net::ERR_CONNECTION_REFUSED @ http://localhost:4200/@vite/client:985
[  527489ms] [ERROR] WebSocket connection to 'ws://localhost:4200/' failed: Error in connection establishment: net::ERR_CONNECTION_REFUSED @ http://localhost:4200/@vite/client:985
[  528493ms] [ERROR] WebSocket connection to 'ws://localhost:4200/' failed: Error in connection establishment: net::ERR_CONNECTION_REFUSED @ http://localhost:4200/@vite/client:985
[  529496ms] [ERROR] WebSocket connection to 'ws://localhost:4200/' failed: Error in connection establishment: net::ERR_CONNECTION_REFUSED @ http://localhost:4200/@vite/client:985
[  530501ms] [ERROR] WebSocket connection to 'ws://localhost:4200/' failed: Error in connection establishment: net::ERR_CONNECTION_REFUSED @ http://localhost:4200/@vite/client:985
[  531506ms] [ERROR] WebSocket connection to 'ws://localhost:4200/' failed: Error in connection establishment: net::ERR_CONNECTION_REFUSED @ http://localhost:4200/@vite/client:985
[  532518ms] [ERROR] WebSocket connection to 'ws://localhost:4200/' failed: Error in connection establishment: net::ERR_CONNECTION_REFUSED @ http://localhost:4200/@vite/client:985
[  533527ms] [ERROR] WebSocket connection to 'ws://localhost:4200/' failed: Error in connection establishment: net::ERR_CONNECTION_REFUSED @ http://localhost:4200/@vite/client:985
[  534554ms] [ERROR] WebSocket connection to 'ws://localhost:4200/' failed: Error in connection establishment: net::ERR_CONNECTION_REFUSED @ http://localhost:4200/@vite/client:985
[  535574ms] [ERROR] WebSocket connection to 'ws://localhost:4200/' failed: Error in connection establishment: net::ERR_CONNECTION_REFUSED @ http://localhost:4200/@vite/client:985
[  536636ms] [ERROR] WebSocket connection to 'ws://localhost:4200/' failed: Error in connection establishment: net::ERR_CONNECTION_REFUSED @ http://localhost:4200/@vite/client:985
[  537767ms] [ERROR] WebSocket connection to 'ws://localhost:4200/' failed: Error in connection establishment: net::ERR_CONNECTION_REFUSED @ http://localhost:4200/@vite/client:985
[  538838ms] [ERROR] WebSocket connection to 'ws://localhost:4200/' failed: Error in connection establishment: net::ERR_CONNECTION_REFUSED @ http://localhost:4200/@vite/client:985
[  540089ms] [ERROR] WebSocket connection to 'ws://localhost:4200/' failed: Error in connection establishment: net::ERR_CONNECTION_REFUSED @ http://localhost:4200/@vite/client:985
[  541532ms] [ERROR] WebSocket connection to 'ws://localhost:4200/' failed: Error in connection establishment: net::ERR_CONNECTION_REFUSED @ http://localhost:4200/@vite/client:985
[  543472ms] [ERROR] WebSocket connection to 'ws://localhost:4200/' failed: Error in connection establishment: net::ERR_CONNECTION_REFUSED @ http://localhost:4200/@vite/client:985
[  546733ms] [ERROR] WebSocket connection to 'ws://localhost:4200/' failed: Error in connection establishment: net::ERR_CONNECTION_REFUSED @ http://localhost:4200/@vite/client:985
[  552698ms] [ERROR] WebSocket connection to 'ws://localhost:4200/' failed: Error in connection establishment: net::ERR_CONNECTION_REFUSED @ http://localhost:4200/@vite/client:985
[  554924ms] [ERROR] WebSocket connection to 'ws://localhost:4200/' failed: Error in connection establishment: net::ERR_CONNECTION_REFUSED @ http://localhost:4200/@vite/client:985
[  556947ms] [ERROR] WebSocket connection to 'ws://localhost:4200/' failed: Error in connection establishment: net::ERR_CONNECTION_REFUSED @ http://localhost:4200/@vite/client:985
[  559589ms] [ERROR] WebSocket connection to 'ws://localhost:4200/' failed: Error in connection establishment: net::ERR_CONNECTION_REFUSED @ http://localhost:4200/@vite/client:985
[  562648ms] [ERROR] WebSocket connection to 'ws://localhost:4200/' failed: Error in connection establishment: net::ERR_CONNECTION_REFUSED @ http://localhost:4200/@vite/client:985
[  567958ms] [ERROR] WebSocket connection to 'ws://localhost:4200/' failed: Error in connection establishment: net::ERR_CONNECTION_REFUSED @ http://localhost:4200/@vite/client:985
[  573314ms] [ERROR] WebSocket connection to 'ws://localhost:4200/' failed: Error in connection establishment: net::ERR_CONNECTION_REFUSED @ http://localhost:4200/@vite/client:985
[  578274ms] [ERROR] WebSocket connection to 'ws://localhost:4200/' failed: Error in connection establishment: net::ERR_CONNECTION_REFUSED @ http://localhost:4200/@vite/client:985
[  584244ms] [ERROR] WebSocket connection to 'ws://localhost:4200/' failed: Error in connection establishment: net::ERR_CONNECTION_REFUSED @ http://localhost:4200/@vite/client:985
[  587431ms] [ERROR] WebSocket connection to 'ws://localhost:4200/' failed: Error in connection establishment: net::ERR_CONNECTION_REFUSED @ http://localhost:4200/@vite/client:985
[  590479ms] [ERROR] WebSocket connection to 'ws://localhost:4200/' failed: Error in connection establishment: net::ERR_CONNECTION_REFUSED @ http://localhost:4200/@vite/client:985
[  593730ms] [ERROR] WebSocket connection to 'ws://localhost:4200/' failed: Error in connection establishment: net::ERR_CONNECTION_REFUSED @ http://localhost:4200/@vite/client:985
[  595744ms] [ERROR] WebSocket connection to 'ws://localhost:4200/' failed: Error in connection establishment: net::ERR_CONNECTION_REFUSED @ http://localhost:4200/@vite/client:985
[  600308ms] [ERROR] WebSocket connection to 'ws://localhost:4200/' failed: Error in connection establishment: net::ERR_CONNECTION_REFUSED @ http://localhost:4200/@vite/client:985
[  603490ms] [ERROR] WebSocket connection to 'ws://localhost:4200/' failed: Error in connection establishment: net::ERR_CONNECTION_REFUSED @ http://localhost:4200/@vite/client:985
[  606885ms] [ERROR] WebSocket connection to 'ws://localhost:4200/' failed: Error in connection establishment: net::ERR_CONNECTION_REFUSED @ http://localhost:4200/@vite/client:985
[  612836ms] [ERROR] WebSocket connection to 'ws://localhost:4200/' failed: Error in connection establishment: net::ERR_CONNECTION_REFUSED @ http://localhost:4200/@vite/client:985
[  615873ms] [ERROR] WebSocket connection to 'ws://localhost:4200/' failed: Error in connection establishment: net::ERR_CONNECTION_REFUSED @ http://localhost:4200/@vite/client:985
[  619916ms] [ERROR] WebSocket connection to 'ws://localhost:4200/' failed: Error in connection establishment: net::ERR_CONNECTION_REFUSED @ http://localhost:4200/@vite/client:985
[  624289ms] [ERROR] WebSocket connection to 'ws://localhost:4200/' failed: Error in connection establishment: net::ERR_CONNECTION_REFUSED @ http://localhost:4200/@vite/client:985
[  629129ms] [ERROR] WebSocket connection to 'ws://localhost:4200/' failed: Error in connection establishment: net::ERR_CONNECTION_REFUSED @ http://localhost:4200/@vite/client:985
[  633587ms] [ERROR] WebSocket connection to 'ws://localhost:4200/' failed: Error in connection establishment: net::ERR_CONNECTION_REFUSED @ http://localhost:4200/@vite/client:985
[  636373ms] [ERROR] WebSocket connection to 'ws://localhost:4200/' failed: Error in connection establishment: net::ERR_CONNECTION_REFUSED @ http://localhost:4200/@vite/client:985
[  638529ms] [ERROR] WebSocket connection to 'ws://localhost:4200/' failed: Error in connection establishment: net::ERR_CONNECTION_REFUSED @ http://localhost:4200/@vite/client:985
[  642419ms] [ERROR] WebSocket connection to 'ws://localhost:4200/' failed: Error in connection establishment: net::ERR_CONNECTION_REFUSED @ http://localhost:4200/@vite/client:985
[  646248ms] [ERROR] WebSocket connection to 'ws://localhost:4200/' failed: Error in connection establishment: net::ERR_CONNECTION_REFUSED @ http://localhost:4200/@vite/client:985
[  649468ms] [ERROR] WebSocket connection to 'ws://localhost:4200/' failed: Error in connection establishment: net::ERR_CONNECTION_REFUSED @ http://localhost:4200/@vite/client:985
[  655392ms] [ERROR] WebSocket connection to 'ws://localhost:4200/' failed: Error in connection establishment: net::ERR_CONNECTION_REFUSED @ http://localhost:4200/@vite/client:985
[  659596ms] [ERROR] WebSocket connection to 'ws://localhost:4200/' failed: Error in connection establishment: net::ERR_CONNECTION_REFUSED @ http://localhost:4200/@vite/client:985
[  662697ms] [ERROR] WebSocket connection to 'ws://localhost:4200/' failed: Error in connection establishment: net::ERR_CONNECTION_REFUSED @ http://localhost:4200/@vite/client:985
[  667885ms] [ERROR] WebSocket connection to 'ws://localhost:4200/' failed: Error in connection establishment: net::ERR_CONNECTION_REFUSED @ http://localhost:4200/@vite/client:985
[  671133ms] [ERROR] WebSocket connection to 'ws://localhost:4200/' failed: Error in connection establishment: net::ERR_CONNECTION_REFUSED @ http://localhost:4200/@vite/client:985
[  675647ms] [ERROR] WebSocket connection to 'ws://localhost:4200/' failed: Error in connection establishment: net::ERR_CONNECTION_REFUSED @ http://localhost:4200/@vite/client:985
[  680042ms] [ERROR] WebSocket connection to 'ws://localhost:4200/' failed: Error in connection establishment: net::ERR_CONNECTION_REFUSED @ http://localhost:4200/@vite/client:985
[  682234ms] [ERROR] WebSocket connection to 'ws://localhost:4200/' failed: Error in connection establishment: net::ERR_CONNECTION_REFUSED @ http://localhost:4200/@vite/client:985
[  687528ms] [ERROR] WebSocket connection to 'ws://localhost:4200/' failed: Error in connection establishment: net::ERR_CONNECTION_REFUSED @ http://localhost:4200/@vite/client:985
[  692042ms] [ERROR] WebSocket connection to 'ws://localhost:4200/' failed: Error in connection establishment: net::ERR_CONNECTION_REFUSED @ http://localhost:4200/@vite/client:985
[  695530ms] [ERROR] WebSocket connection to 'ws://localhost:4200/' failed: Error in connection establishment: net::ERR_CONNECTION_REFUSED @ http://localhost:4200/@vite/client:985
[  700914ms] [ERROR] WebSocket connection to 'ws://localhost:4200/' failed: Error in connection establishment: net::ERR_CONNECTION_REFUSED @ http://localhost:4200/@vite/client:985
[  704791ms] [ERROR] WebSocket connection to 'ws://localhost:4200/' failed: Error in connection establishment: net::ERR_CONNECTION_REFUSED @ http://localhost:4200/@vite/client:985
[  706968ms] [ERROR] WebSocket connection to 'ws://localhost:4200/' failed: Error in connection establishment: net::ERR_CONNECTION_REFUSED @ http://localhost:4200/@vite/client:985
[  709201ms] [ERROR] WebSocket connection to 'ws://localhost:4200/' failed: Error in connection establishment: net::ERR_CONNECTION_REFUSED @ http://localhost:4200/@vite/client:985
[  715204ms] [ERROR] WebSocket connection to 'ws://localhost:4200/' failed: Error in connection establishment: net::ERR_CONNECTION_REFUSED @ http://localhost:4200/@vite/client:985
[  718494ms] [ERROR] WebSocket connection to 'ws://localhost:4200/' failed: Error in connection establishment: net::ERR_CONNECTION_REFUSED @ http://localhost:4200/@vite/client:985
[  722177ms] [ERROR] WebSocket connection to 'ws://localhost:4200/' failed: Error in connection establishment: net::ERR_CONNECTION_REFUSED @ http://localhost:4200/@vite/client:985
[  726054ms] [ERROR] WebSocket connection to 'ws://localhost:4200/' failed: Error in connection establishment: net::ERR_CONNECTION_REFUSED @ http://localhost:4200/@vite/client:985
[  728244ms] [ERROR] WebSocket connection to 'ws://localhost:4200/' failed: Error in connection establishment: net::ERR_CONNECTION_REFUSED @ http://localhost:4200/@vite/client:985
[  732732ms] [ERROR] WebSocket connection to 'ws://localhost:4200/' failed: Error in connection establishment: net::ERR_CONNECTION_REFUSED @ http://localhost:4200/@vite/client:985
[  737641ms] [ERROR] WebSocket connection to 'ws://localhost:4200/' failed: Error in connection establishment: net::ERR_CONNECTION_REFUSED @ http://localhost:4200/@vite/client:985
[  743278ms] [ERROR] WebSocket connection to 'ws://localhost:4200/' failed: Error in connection establishment: net::ERR_CONNECTION_REFUSED @ http://localhost:4200/@vite/client:985
[  748657ms] [ERROR] WebSocket connection to 'ws://localhost:4200/' failed: Error in connection establishment: net::ERR_CONNECTION_REFUSED @ http://localhost:4200/@vite/client:985
[  754281ms] [ERROR] WebSocket connection to 'ws://localhost:4200/' failed: Error in connection establishment: net::ERR_CONNECTION_REFUSED @ http://localhost:4200/@vite/client:985
[  758832ms] [ERROR] WebSocket connection to 'ws://localhost:4200/' failed: Error in connection establishment: net::ERR_CONNECTION_REFUSED @ http://localhost:4200/@vite/client:985
[  762136ms] [ERROR] WebSocket connection to 'ws://localhost:4200/' failed: Error in connection establishment: net::ERR_CONNECTION_REFUSED @ http://localhost:4200/@vite/client:985
[  765977ms] [ERROR] WebSocket connection to 'ws://localhost:4200/' failed: Error in connection establishment: net::ERR_CONNECTION_REFUSED @ http://localhost:4200/@vite/client:985
[  769961ms] [ERROR] WebSocket connection to 'ws://localhost:4200/' failed: Error in connection establishment: net::ERR_CONNECTION_REFUSED @ http://localhost:4200/@vite/client:985
[  773678ms] [ERROR] WebSocket connection to 'ws://localhost:4200/' failed: Error in connection establishment: net::ERR_CONNECTION_REFUSED @ http://localhost:4200/@vite/client:985
[  777732ms] [ERROR] WebSocket connection to 'ws://localhost:4200/' failed: Error in connection establishment: net::ERR_CONNECTION_REFUSED @ http://localhost:4200/@vite/client:985
[  780344ms] [ERROR] WebSocket connection to 'ws://localhost:4200/' failed: Error in connection establishment: net::ERR_CONNECTION_REFUSED @ http://localhost:4200/@vite/client:985
[  784488ms] [ERROR] WebSocket connection to 'ws://localhost:4200/' failed: Error in connection establishment: net::ERR_CONNECTION_REFUSED @ http://localhost:4200/@vite/client:985
[  786855ms] [ERROR] WebSocket connection to 'ws://localhost:4200/' failed: Error in connection establishment: net::ERR_CONNECTION_REFUSED @ http://localhost:4200/@vite/client:985
[  789598ms] [ERROR] WebSocket connection to 'ws://localhost:4200/' failed: Error in connection establishment: net::ERR_CONNECTION_REFUSED @ http://localhost:4200/@vite/client:985
[  794424ms] [ERROR] WebSocket connection to 'ws://localhost:4200/' failed: Error in connection establishment: net::ERR_CONNECTION_REFUSED @ http://localhost:4200/@vite/client:985
[  797551ms] [ERROR] WebSocket connection to 'ws://localhost:4200/' failed: Error in connection establishment: net::ERR_CONNECTION_REFUSED @ http://localhost:4200/@vite/client:985
[  802362ms] [ERROR] WebSocket connection to 'ws://localhost:4200/' failed: Error in connection establishment: net::ERR_CONNECTION_REFUSED @ http://localhost:4200/@vite/client:985
[  807643ms] [ERROR] WebSocket connection to 'ws://localhost:4200/' failed: Error in connection establishment: net::ERR_CONNECTION_REFUSED @ http://localhost:4200/@vite/client:985
[  811797ms] [ERROR] WebSocket connection to 'ws://localhost:4200/' failed: Error in connection establishment: net::ERR_CONNECTION_REFUSED @ http://localhost:4200/@vite/client:985
[  816642ms] [ERROR] WebSocket connection to 'ws://localhost:4200/' failed: Error in connection establishment: net::ERR_CONNECTION_REFUSED @ http://localhost:4200/@vite/client:985
[  822455ms] [ERROR] WebSocket connection to 'ws://localhost:4200/' failed: Error in connection establishment: net::ERR_CONNECTION_REFUSED @ http://localhost:4200/@vite/client:985
[  824814ms] [ERROR] WebSocket connection to 'ws://localhost:4200/' failed: Error in connection establishment: net::ERR_CONNECTION_REFUSED @ http://localhost:4200/@vite/client:985
[  830077ms] [ERROR] WebSocket connection to 'ws://localhost:4200/' failed: Error in connection establishment: net::ERR_CONNECTION_REFUSED @ http://localhost:4200/@vite/client:985
[  835042ms] [ERROR] WebSocket connection to 'ws://localhost:4200/' failed: Error in connection establishment: net::ERR_CONNECTION_REFUSED @ http://localhost:4200/@vite/client:985
[  839863ms] [ERROR] WebSocket connection to 'ws://localhost:4200/' failed: Error in connection establishment: net::ERR_CONNECTION_REFUSED @ http://localhost:4200/@vite/client:985
[  845045ms] [ERROR] WebSocket connection to 'ws://localhost:4200/' failed: Error in connection establishment: net::ERR_CONNECTION_REFUSED @ http://localhost:4200/@vite/client:985
[  848852ms] [ERROR] WebSocket connection to 'ws://localhost:4200/' failed: Error in connection establishment: net::ERR_CONNECTION_REFUSED @ http://localhost:4200/@vite/client:985
[  854224ms] [ERROR] WebSocket connection to 'ws://localhost:4200/' failed: Error in connection establishment: net::ERR_CONNECTION_REFUSED @ http://localhost:4200/@vite/client:985
[  858152ms] [ERROR] WebSocket connection to 'ws://localhost:4200/' failed: Error in connection establishment: net::ERR_CONNECTION_REFUSED @ http://localhost:4200/@vite/client:985
[  860604ms] [ERROR] WebSocket connection to 'ws://localhost:4200/' failed: Error in connection establishment: net::ERR_CONNECTION_REFUSED @ http://localhost:4200/@vite/client:985
[  862841ms] [ERROR] WebSocket connection to 'ws://localhost:4200/' failed: Error in connection establishment: net::ERR_CONNECTION_REFUSED @ http://localhost:4200/@vite/client:985
[  865538ms] [ERROR] WebSocket connection to 'ws://localhost:4200/' failed: Error in connection establishment: net::ERR_CONNECTION_REFUSED @ http://localhost:4200/@vite/client:985
[  871270ms] [ERROR] WebSocket connection to 'ws://localhost:4200/' failed: Error in connection establishment: net::ERR_CONNECTION_REFUSED @ http://localhost:4200/@vite/client:985
[  873751ms] [ERROR] WebSocket connection to 'ws://localhost:4200/' failed: Error in connection establishment: net::ERR_CONNECTION_REFUSED @ http://localhost:4200/@vite/client:985
[  879026ms] [ERROR] WebSocket connection to 'ws://localhost:4200/' failed: Error in connection establishment: net::ERR_CONNECTION_REFUSED @ http://localhost:4200/@vite/client:985
[  882117ms] [ERROR] WebSocket connection to 'ws://localhost:4200/' failed: Error in connection establishment: net::ERR_CONNECTION_REFUSED @ http://localhost:4200/@vite/client:985
[  884414ms] [ERROR] WebSocket connection to 'ws://localhost:4200/' failed: Error in connection establishment: net::ERR_CONNECTION_REFUSED @ http://localhost:4200/@vite/client:985
[  889006ms] [ERROR] WebSocket connection to 'ws://localhost:4200/' failed: Error in connection establishment: net::ERR_CONNECTION_REFUSED @ http://localhost:4200/@vite/client:985
[  891042ms] [ERROR] WebSocket connection to 'ws://localhost:4200/' failed: Error in connection establishment: net::ERR_CONNECTION_REFUSED @ http://localhost:4200/@vite/client:985
[  896690ms] [ERROR] WebSocket connection to 'ws://localhost:4200/' failed: Error in connection establishment: net::ERR_CONNECTION_REFUSED @ http://localhost:4200/@vite/client:985
[  900150ms] [ERROR] WebSocket connection to 'ws://localhost:4200/' failed: Error in connection establishment: net::ERR_CONNECTION_REFUSED @ http://localhost:4200/@vite/client:985
[  904152ms] [ERROR] WebSocket connection to 'ws://localhost:4200/' failed: Error in connection establishment: net::ERR_CONNECTION_REFUSED @ http://localhost:4200/@vite/client:985
[  909937ms] [ERROR] WebSocket connection to 'ws://localhost:4200/' failed: Error in connection establishment: net::ERR_CONNECTION_REFUSED @ http://localhost:4200/@vite/client:985
[  912768ms] [ERROR] WebSocket connection to 'ws://localhost:4200/' failed: Error in connection establishment: net::ERR_CONNECTION_REFUSED @ http://localhost:4200/@vite/client:985
[  916585ms] [ERROR] WebSocket connection to 'ws://localhost:4200/' failed: Error in connection establishment: net::ERR_CONNECTION_REFUSED @ http://localhost:4200/@vite/client:985
[  920317ms] [ERROR] WebSocket connection to 'ws://localhost:4200/' failed: Error in connection establishment: net::ERR_CONNECTION_REFUSED @ http://localhost:4200/@vite/client:985
[  922421ms] [ERROR] WebSocket connection to 'ws://localhost:4200/' failed: Error in connection establishment: net::ERR_CONNECTION_REFUSED @ http://localhost:4200/@vite/client:985
[  924563ms] [ERROR] WebSocket connection to 'ws://localhost:4200/' failed: Error in connection establishment: net::ERR_CONNECTION_REFUSED @ http://localhost:4200/@vite/client:985
[  929560ms] [ERROR] WebSocket connection to 'ws://localhost:4200/' failed: Error in connection establishment: net::ERR_CONNECTION_REFUSED @ http://localhost:4200/@vite/client:985
[  931919ms] [ERROR] WebSocket connection to 'ws://localhost:4200/' failed: Error in connection establishment: net::ERR_CONNECTION_REFUSED @ http://localhost:4200/@vite/client:985
[  937762ms] [ERROR] WebSocket connection to 'ws://localhost:4200/' failed: Error in connection establishment: net::ERR_CONNECTION_REFUSED @ http://localhost:4200/@vite/client:985
[  941120ms] [ERROR] WebSocket connection to 'ws://localhost:4200/' failed: Error in connection establishment: net::ERR_CONNECTION_REFUSED @ http://localhost:4200/@vite/client:985
[  944257ms] [ERROR] WebSocket connection to 'ws://localhost:4200/' failed: Error in connection establishment: net::ERR_CONNECTION_REFUSED @ http://localhost:4200/@vite/client:985
[  947727ms] [ERROR] WebSocket connection to 'ws://localhost:4200/' failed: Error in connection establishment: net::ERR_CONNECTION_REFUSED @ http://localhost:4200/@vite/client:985
[  951071ms] [ERROR] WebSocket connection to 'ws://localhost:4200/' failed: Error in connection establishment: net::ERR_CONNECTION_REFUSED @ http://localhost:4200/@vite/client:985
[  957040ms] [ERROR] WebSocket connection to 'ws://localhost:4200/' failed: Error in connection establishment: net::ERR_CONNECTION_REFUSED @ http://localhost:4200/@vite/client:985
[  960854ms] [ERROR] WebSocket connection to 'ws://localhost:4200/' failed: Error in connection establishment: net::ERR_CONNECTION_REFUSED @ http://localhost:4200/@vite/client:985
[  963988ms] [ERROR] WebSocket connection to 'ws://localhost:4200/' failed: Error in connection establishment: net::ERR_CONNECTION_REFUSED @ http://localhost:4200/@vite/client:985
[  969818ms] [ERROR] WebSocket connection to 'ws://localhost:4200/' failed: Error in connection establishment: net::ERR_CONNECTION_REFUSED @ http://localhost:4200/@vite/client:985
[  975120ms] [ERROR] WebSocket connection to 'ws://localhost:4200/' failed: Error in connection establishment: net::ERR_CONNECTION_REFUSED @ http://localhost:4200/@vite/client:985
[  979827ms] [ERROR] WebSocket connection to 'ws://localhost:4200/' failed: Error in connection establishment: net::ERR_CONNECTION_REFUSED @ http://localhost:4200/@vite/client:985
[  985361ms] [ERROR] WebSocket connection to 'ws://localhost:4200/' failed: Error in connection establishment: net::ERR_CONNECTION_REFUSED @ http://localhost:4200/@vite/client:985
[  989169ms] [ERROR] WebSocket connection to 'ws://localhost:4200/' failed: Error in connection establishment: net::ERR_CONNECTION_REFUSED @ http://localhost:4200/@vite/client:985
[  995118ms] [ERROR] WebSocket connection to 'ws://localhost:4200/' failed: Error in connection establishment: net::ERR_CONNECTION_REFUSED @ http://localhost:4200/@vite/client:985
[ 1000093ms] [ERROR] WebSocket connection to 'ws://localhost:4200/' failed: Error in connection establishment: net::ERR_CONNECTION_REFUSED @ http://localhost:4200/@vite/client:985
[ 1004596ms] [ERROR] WebSocket connection to 'ws://localhost:4200/' failed: Error in connection establishment: net::ERR_CONNECTION_REFUSED @ http://localhost:4200/@vite/client:985
[ 1008946ms] [ERROR] WebSocket connection to 'ws://localhost:4200/' failed: Error in connection establishment: net::ERR_CONNECTION_REFUSED @ http://localhost:4200/@vite/client:985
[ 1012514ms] [ERROR] WebSocket connection to 'ws://localhost:4200/' failed: Error in connection establishment: net::ERR_CONNECTION_REFUSED @ http://localhost:4200/@vite/client:985
[ 1017535ms] [ERROR] WebSocket connection to 'ws://localhost:4200/' failed: Error in connection establishment: net::ERR_CONNECTION_REFUSED @ http://localhost:4200/@vite/client:985
[ 1019738ms] [ERROR] WebSocket connection to 'ws://localhost:4200/' failed: Error in connection establishment: net::ERR_CONNECTION_REFUSED @ http://localhost:4200/@vite/client:985
[ 1022152ms] [ERROR] WebSocket connection to 'ws://localhost:4200/' failed: Error in connection establishment: net::ERR_CONNECTION_REFUSED @ http://localhost:4200/@vite/client:985
[ 1027702ms] [ERROR] WebSocket connection to 'ws://localhost:4200/' failed: Error in connection establishment: net::ERR_CONNECTION_REFUSED @ http://localhost:4200/@vite/client:985
[ 1030104ms] [ERROR] WebSocket connection to 'ws://localhost:4200/' failed: Error in connection establishment: net::ERR_CONNECTION_REFUSED @ http://localhost:4200/@vite/client:985
[ 1034324ms] [ERROR] WebSocket connection to 'ws://localhost:4200/' failed: Error in connection establishment: net::ERR_CONNECTION_REFUSED @ http://localhost:4200/@vite/client:985
[ 1038517ms] [ERROR] WebSocket connection to 'ws://localhost:4200/' failed: Error in connection establishment: net::ERR_CONNECTION_REFUSED @ http://localhost:4200/@vite/client:985
[ 1041221ms] [ERROR] WebSocket connection to 'ws://localhost:4200/' failed: Error in connection establishment: net::ERR_CONNECTION_REFUSED @ http://localhost:4200/@vite/client:985
[ 1045444ms] [ERROR] WebSocket connection to 'ws://localhost:4200/' failed: Error in connection establishment: net::ERR_CONNECTION_REFUSED @ http://localhost:4200/@vite/client:985
[ 1050445ms] [ERROR] WebSocket connection to 'ws://localhost:4200/' failed: Error in connection establishment: net::ERR_CONNECTION_REFUSED @ http://localhost:4200/@vite/client:985
[ 1055650ms] [ERROR] WebSocket connection to 'ws://localhost:4200/' failed: Error in connection establishment: net::ERR_CONNECTION_REFUSED @ http://localhost:4200/@vite/client:985
[ 1058735ms] [ERROR] WebSocket connection to 'ws://localhost:4200/' failed: Error in connection establishment: net::ERR_CONNECTION_REFUSED @ http://localhost:4200/@vite/client:985
[ 1062266ms] [ERROR] WebSocket connection to 'ws://localhost:4200/' failed: Error in connection establishment: net::ERR_CONNECTION_REFUSED @ http://localhost:4200/@vite/client:985
[ 1065986ms] [ERROR] WebSocket connection to 'ws://localhost:4200/' failed: Error in connection establishment: net::ERR_CONNECTION_REFUSED @ http://localhost:4200/@vite/client:985
[ 1071079ms] [ERROR] WebSocket connection to 'ws://localhost:4200/' failed: Error in connection establishment: net::ERR_CONNECTION_REFUSED @ http://localhost:4200/@vite/client:985
[ 1073863ms] [ERROR] WebSocket connection to 'ws://localhost:4200/' failed: Error in connection establishment: net::ERR_CONNECTION_REFUSED @ http://localhost:4200/@vite/client:985
[ 1079748ms] [ERROR] WebSocket connection to 'ws://localhost:4200/' failed: Error in connection establishment: net::ERR_CONNECTION_REFUSED @ http://localhost:4200/@vite/client:985
[ 1082121ms] [ERROR] WebSocket connection to 'ws://localhost:4200/' failed: Error in connection establishment: net::ERR_CONNECTION_REFUSED @ http://localhost:4200/@vite/client:985
[ 1086385ms] [ERROR] WebSocket connection to 'ws://localhost:4200/' failed: Error in connection establishment: net::ERR_CONNECTION_REFUSED @ http://localhost:4200/@vite/client:985
[ 1090106ms] [ERROR] WebSocket connection to 'ws://localhost:4200/' failed: Error in connection establishment: net::ERR_CONNECTION_REFUSED @ http://localhost:4200/@vite/client:985
[ 1093091ms] [ERROR] WebSocket connection to 'ws://localhost:4200/' failed: Error in connection establishment: net::ERR_CONNECTION_REFUSED @ http://localhost:4200/@vite/client:985
[ 1095456ms] [ERROR] WebSocket connection to 'ws://localhost:4200/' failed: Error in connection establishment: net::ERR_CONNECTION_REFUSED @ http://localhost:4200/@vite/client:985
[ 1099444ms] [ERROR] WebSocket connection to 'ws://localhost:4200/' failed: Error in connection establishment: net::ERR_CONNECTION_REFUSED @ http://localhost:4200/@vite/client:985
[ 1102980ms] [ERROR] WebSocket connection to 'ws://localhost:4200/' failed: Error in connection establishment: net::ERR_CONNECTION_REFUSED @ http://localhost:4200/@vite/client:985
[ 1107731ms] [ERROR] WebSocket connection to 'ws://localhost:4200/' failed: Error in connection establishment: net::ERR_CONNECTION_REFUSED @ http://localhost:4200/@vite/client:985
[ 1112654ms] [ERROR] WebSocket connection to 'ws://localhost:4200/' failed: Error in connection establishment: net::ERR_CONNECTION_REFUSED @ http://localhost:4200/@vite/client:985
[ 1118459ms] [ERROR] WebSocket connection to 'ws://localhost:4200/' failed: Error in connection establishment: net::ERR_CONNECTION_REFUSED @ http://localhost:4200/@vite/client:985
[ 1124271ms] [ERROR] WebSocket connection to 'ws://localhost:4200/' failed: Error in connection establishment: net::ERR_CONNECTION_REFUSED @ http://localhost:4200/@vite/client:985
[ 1128382ms] [ERROR] WebSocket connection to 'ws://localhost:4200/' failed: Error in connection establishment: net::ERR_CONNECTION_REFUSED @ http://localhost:4200/@vite/client:985
[ 1134108ms] [ERROR] WebSocket connection to 'ws://localhost:4200/' failed: Error in connection establishment: net::ERR_CONNECTION_REFUSED @ http://localhost:4200/@vite/client:985
[ 1137203ms] [ERROR] WebSocket connection to 'ws://localhost:4200/' failed: Error in connection establishment: net::ERR_CONNECTION_REFUSED @ http://localhost:4200/@vite/client:985
[ 1140606ms] [ERROR] WebSocket connection to 'ws://localhost:4200/' failed: Error in connection establishment: net::ERR_CONNECTION_REFUSED @ http://localhost:4200/@vite/client:985
[ 1144105ms] [ERROR] WebSocket connection to 'ws://localhost:4200/' failed: Error in connection establishment: net::ERR_CONNECTION_REFUSED @ http://localhost:4200/@vite/client:985
[ 1149781ms] [ERROR] WebSocket connection to 'ws://localhost:4200/' failed: Error in connection establishment: net::ERR_CONNECTION_REFUSED @ http://localhost:4200/@vite/client:985
[ 1155186ms] [ERROR] WebSocket connection to 'ws://localhost:4200/' failed: Error in connection establishment: net::ERR_CONNECTION_REFUSED @ http://localhost:4200/@vite/client:985
[ 1160597ms] [ERROR] WebSocket connection to 'ws://localhost:4200/' failed: Error in connection establishment: net::ERR_CONNECTION_REFUSED @ http://localhost:4200/@vite/client:985
[ 1162713ms] [ERROR] WebSocket connection to 'ws://localhost:4200/' failed: Error in connection establishment: net::ERR_CONNECTION_REFUSED @ http://localhost:4200/@vite/client:985
[ 1165623ms] [ERROR] WebSocket connection to 'ws://localhost:4200/' failed: Error in connection establishment: net::ERR_CONNECTION_REFUSED @ http://localhost:4200/@vite/client:985
[ 1169637ms] [ERROR] WebSocket connection to 'ws://localhost:4200/' failed: Error in connection establishment: net::ERR_CONNECTION_REFUSED @ http://localhost:4200/@vite/client:985
[ 1172732ms] [ERROR] WebSocket connection to 'ws://localhost:4200/' failed: Error in connection establishment: net::ERR_CONNECTION_REFUSED @ http://localhost:4200/@vite/client:985
[ 1177130ms] [ERROR] WebSocket connection to 'ws://localhost:4200/' failed: Error in connection establishment: net::ERR_CONNECTION_REFUSED @ http://localhost:4200/@vite/client:985
[ 1182742ms] [ERROR] WebSocket connection to 'ws://localhost:4200/' failed: Error in connection establishment: net::ERR_CONNECTION_REFUSED @ http://localhost:4200/@vite/client:985
[ 1185353ms] [ERROR] WebSocket connection to 'ws://localhost:4200/' failed: Error in connection establishment: net::ERR_CONNECTION_REFUSED @ http://localhost:4200/@vite/client:985
[ 1187551ms] [ERROR] WebSocket connection to 'ws://localhost:4200/' failed: Error in connection establishment: net::ERR_CONNECTION_REFUSED @ http://localhost:4200/@vite/client:985
[ 1190466ms] [ERROR] WebSocket connection to 'ws://localhost:4200/' failed: Error in connection establishment: net::ERR_CONNECTION_REFUSED @ http://localhost:4200/@vite/client:985
[ 1192557ms] [ERROR] WebSocket connection to 'ws://localhost:4200/' failed: Error in connection establishment: net::ERR_CONNECTION_REFUSED @ http://localhost:4200/@vite/client:985
[ 1195517ms] [ERROR] WebSocket connection to 'ws://localhost:4200/' failed: Error in connection establishment: net::ERR_CONNECTION_REFUSED @ http://localhost:4200/@vite/client:985
[ 1200760ms] [ERROR] WebSocket connection to 'ws://localhost:4200/' failed: Error in connection establishment: net::ERR_CONNECTION_REFUSED @ http://localhost:4200/@vite/client:985
[ 1205076ms] [ERROR] WebSocket connection to 'ws://localhost:4200/' failed: Error in connection establishment: net::ERR_CONNECTION_REFUSED @ http://localhost:4200/@vite/client:985
[ 1208535ms] [ERROR] WebSocket connection to 'ws://localhost:4200/' failed: Error in connection establishment: net::ERR_CONNECTION_REFUSED @ http://localhost:4200/@vite/client:985
[ 1210804ms] [ERROR] WebSocket connection to 'ws://localhost:4200/' failed: Error in connection establishment: net::ERR_CONNECTION_REFUSED @ http://localhost:4200/@vite/client:985
[ 1215125ms] [ERROR] WebSocket connection to 'ws://localhost:4200/' failed: Error in connection establishment: net::ERR_CONNECTION_REFUSED @ http://localhost:4200/@vite/client:985
[ 1218330ms] [ERROR] WebSocket connection to 'ws://localhost:4200/' failed: Error in connection establishment: net::ERR_CONNECTION_REFUSED @ http://localhost:4200/@vite/client:985
[ 1222888ms] [ERROR] WebSocket connection to 'ws://localhost:4200/' failed: Error in connection establishment: net::ERR_CONNECTION_REFUSED @ http://localhost:4200/@vite/client:985
[ 1228878ms] [ERROR] WebSocket connection to 'ws://localhost:4200/' failed: Error in connection establishment: net::ERR_CONNECTION_REFUSED @ http://localhost:4200/@vite/client:985
[ 1231131ms] [ERROR] WebSocket connection to 'ws://localhost:4200/' failed: Error in connection establishment: net::ERR_CONNECTION_REFUSED @ http://localhost:4200/@vite/client:985
[ 1234272ms] [ERROR] WebSocket connection to 'ws://localhost:4200/' failed: Error in connection establishment: net::ERR_CONNECTION_REFUSED @ http://localhost:4200/@vite/client:985
[ 1239550ms] [ERROR] WebSocket connection to 'ws://localhost:4200/' failed: Error in connection establishment: net::ERR_CONNECTION_REFUSED @ http://localhost:4200/@vite/client:985
[ 1245502ms] [ERROR] WebSocket connection to 'ws://localhost:4200/' failed: Error in connection establishment: net::ERR_CONNECTION_REFUSED @ http://localhost:4200/@vite/client:985
[ 1250135ms] [ERROR] WebSocket connection to 'ws://localhost:4200/' failed: Error in connection establishment: net::ERR_CONNECTION_REFUSED @ http://localhost:4200/@vite/client:985
[ 1252957ms] [ERROR] WebSocket connection to 'ws://localhost:4200/' failed: Error in connection establishment: net::ERR_CONNECTION_REFUSED @ http://localhost:4200/@vite/client:985
[ 1257284ms] [ERROR] WebSocket connection to 'ws://localhost:4200/' failed: Error in connection establishment: net::ERR_CONNECTION_REFUSED @ http://localhost:4200/@vite/client:985
[ 1261072ms] [ERROR] WebSocket connection to 'ws://localhost:4200/' failed: Error in connection establishment: net::ERR_CONNECTION_REFUSED @ http://localhost:4200/@vite/client:985
[ 1264222ms] [ERROR] WebSocket connection to 'ws://localhost:4200/' failed: Error in connection establishment: net::ERR_CONNECTION_REFUSED @ http://localhost:4200/@vite/client:985
[ 1266659ms] [ERROR] WebSocket connection to 'ws://localhost:4200/' failed: Error in connection establishment: net::ERR_CONNECTION_REFUSED @ http://localhost:4200/@vite/client:985
[ 1270168ms] [ERROR] WebSocket connection to 'ws://localhost:4200/' failed: Error in connection establishment: net::ERR_CONNECTION_REFUSED @ http://localhost:4200/@vite/client:985
[ 1275845ms] [ERROR] WebSocket connection to 'ws://localhost:4200/' failed: Error in connection establishment: net::ERR_CONNECTION_REFUSED @ http://localhost:4200/@vite/client:985
[ 1278534ms] [ERROR] WebSocket connection to 'ws://localhost:4200/' failed: Error in connection establishment: net::ERR_CONNECTION_REFUSED @ http://localhost:4200/@vite/client:985
[ 1282800ms] [ERROR] WebSocket connection to 'ws://localhost:4200/' failed: Error in connection establishment: net::ERR_CONNECTION_REFUSED @ http://localhost:4200/@vite/client:985
[ 1286340ms] [ERROR] WebSocket connection to 'ws://localhost:4200/' failed: Error in connection establishment: net::ERR_CONNECTION_REFUSED @ http://localhost:4200/@vite/client:985
[ 1291288ms] [ERROR] WebSocket connection to 'ws://localhost:4200/' failed: Error in connection establishment: net::ERR_CONNECTION_REFUSED @ http://localhost:4200/@vite/client:985
[ 1294240ms] [ERROR] WebSocket connection to 'ws://localhost:4200/' failed: Error in connection establishment: net::ERR_CONNECTION_REFUSED @ http://localhost:4200/@vite/client:985
[ 1299837ms] [ERROR] WebSocket connection to 'ws://localhost:4200/' failed: Error in connection establishment: net::ERR_CONNECTION_REFUSED @ http://localhost:4200/@vite/client:985
[ 1305061ms] [ERROR] WebSocket connection to 'ws://localhost:4200/' failed: Error in connection establishment: net::ERR_CONNECTION_REFUSED @ http://localhost:4200/@vite/client:985
[ 1310229ms] [ERROR] WebSocket connection to 'ws://localhost:4200/' failed: Error in connection establishment: net::ERR_CONNECTION_REFUSED @ http://localhost:4200/@vite/client:985
[ 1312949ms] [ERROR] WebSocket connection to 'ws://localhost:4200/' failed: Error in connection establishment: net::ERR_CONNECTION_REFUSED @ http://localhost:4200/@vite/client:985
[ 1317369ms] [ERROR] WebSocket connection to 'ws://localhost:4200/' failed: Error in connection establishment: net::ERR_CONNECTION_REFUSED @ http://localhost:4200/@vite/client:985
[ 1320637ms] [ERROR] WebSocket connection to 'ws://localhost:4200/' failed: Error in connection establishment: net::ERR_CONNECTION_REFUSED @ http://localhost:4200/@vite/client:985
[ 1323506ms] [ERROR] WebSocket connection to 'ws://localhost:4200/' failed: Error in connection establishment: net::ERR_CONNECTION_REFUSED @ http://localhost:4200/@vite/client:985
[ 1328892ms] [ERROR] WebSocket connection to 'ws://localhost:4200/' failed: Error in connection establishment: net::ERR_CONNECTION_REFUSED @ http://localhost:4200/@vite/client:985
[ 1334107ms] [ERROR] WebSocket connection to 'ws://localhost:4200/' failed: Error in connection establishment: net::ERR_CONNECTION_REFUSED @ http://localhost:4200/@vite/client:985
[ 1337889ms] [ERROR] WebSocket connection to 'ws://localhost:4200/' failed: Error in connection establishment: net::ERR_CONNECTION_REFUSED @ http://localhost:4200/@vite/client:985
[ 1341187ms] [ERROR] WebSocket connection to 'ws://localhost:4200/' failed: Error in connection establishment: net::ERR_CONNECTION_REFUSED @ http://localhost:4200/@vite/client:985
[ 1344035ms] [ERROR] WebSocket connection to 'ws://localhost:4200/' failed: Error in connection establishment: net::ERR_CONNECTION_REFUSED @ http://localhost:4200/@vite/client:985
[ 1346118ms] [ERROR] WebSocket connection to 'ws://localhost:4200/' failed: Error in connection establishment: net::ERR_CONNECTION_REFUSED @ http://localhost:4200/@vite/client:985
[ 1352017ms] [ERROR] WebSocket connection to 'ws://localhost:4200/' failed: Error in connection establishment: net::ERR_CONNECTION_REFUSED @ http://localhost:4200/@vite/client:985
[ 1355671ms] [ERROR] WebSocket connection to 'ws://localhost:4200/' failed: Error in connection establishment: net::ERR_CONNECTION_REFUSED @ http://localhost:4200/@vite/client:985
[ 1359703ms] [ERROR] WebSocket connection to 'ws://localhost:4200/' failed: Error in connection establishment: net::ERR_CONNECTION_REFUSED @ http://localhost:4200/@vite/client:985
[ 1362183ms] [ERROR] WebSocket connection to 'ws://localhost:4200/' failed: Error in connection establishment: net::ERR_CONNECTION_REFUSED @ http://localhost:4200/@vite/client:985
[ 1366303ms] [ERROR] WebSocket connection to 'ws://localhost:4200/' failed: Error in connection establishment: net::ERR_CONNECTION_REFUSED @ http://localhost:4200/@vite/client:985
[ 1368807ms] [ERROR] WebSocket connection to 'ws://localhost:4200/' failed: Error in connection establishment: net::ERR_CONNECTION_REFUSED @ http://localhost:4200/@vite/client:985
[ 1374100ms] [ERROR] WebSocket connection to 'ws://localhost:4200/' failed: Error in connection establishment: net::ERR_CONNECTION_REFUSED @ http://localhost:4200/@vite/client:985
[ 1379750ms] [ERROR] WebSocket connection to 'ws://localhost:4200/' failed: Error in connection establishment: net::ERR_CONNECTION_REFUSED @ http://localhost:4200/@vite/client:985
[ 1382723ms] [ERROR] WebSocket connection to 'ws://localhost:4200/' failed: Error in connection establishment: net::ERR_CONNECTION_REFUSED @ http://localhost:4200/@vite/client:985
[ 1388294ms] [ERROR] WebSocket connection to 'ws://localhost:4200/' failed: Error in connection establishment: net::ERR_CONNECTION_REFUSED @ http://localhost:4200/@vite/client:985
[ 1390671ms] [ERROR] WebSocket connection to 'ws://localhost:4200/' failed: Error in connection establishment: net::ERR_CONNECTION_REFUSED @ http://localhost:4200/@vite/client:985
[ 1393367ms] [ERROR] WebSocket connection to 'ws://localhost:4200/' failed: Error in connection establishment: net::ERR_CONNECTION_REFUSED @ http://localhost:4200/@vite/client:985
[ 1399128ms] [ERROR] WebSocket connection to 'ws://localhost:4200/' failed: Error in connection establishment: net::ERR_CONNECTION_REFUSED @ http://localhost:4200/@vite/client:985
[ 1402719ms] [ERROR] WebSocket connection to 'ws://localhost:4200/' failed: Error in connection establishment: net::ERR_CONNECTION_REFUSED @ http://localhost:4200/@vite/client:985
[ 1405026ms] [ERROR] WebSocket connection to 'ws://localhost:4200/' failed: Error in connection establishment: net::ERR_CONNECTION_REFUSED @ http://localhost:4200/@vite/client:985
[ 1410709ms] [ERROR] WebSocket connection to 'ws://localhost:4200/' failed: Error in connection establishment: net::ERR_CONNECTION_REFUSED @ http://localhost:4200/@vite/client:985
[ 1415845ms] [ERROR] WebSocket connection to 'ws://localhost:4200/' failed: Error in connection establishment: net::ERR_CONNECTION_REFUSED @ http://localhost:4200/@vite/client:985
[ 1420030ms] [ERROR] WebSocket connection to 'ws://localhost:4200/' failed: Error in connection establishment: net::ERR_CONNECTION_REFUSED @ http://localhost:4200/@vite/client:985
[ 1424120ms] [ERROR] WebSocket connection to 'ws://localhost:4200/' failed: Error in connection establishment: net::ERR_CONNECTION_REFUSED @ http://localhost:4200/@vite/client:985
[ 1428335ms] [ERROR] WebSocket connection to 'ws://localhost:4200/' failed: Error in connection establishment: net::ERR_CONNECTION_REFUSED @ http://localhost:4200/@vite/client:985
[ 1432758ms] [ERROR] WebSocket connection to 'ws://localhost:4200/' failed: Error in connection establishment: net::ERR_CONNECTION_REFUSED @ http://localhost:4200/@vite/client:985
[ 1435174ms] [ERROR] WebSocket connection to 'ws://localhost:4200/' failed: Error in connection establishment: net::ERR_CONNECTION_REFUSED @ http://localhost:4200/@vite/client:985
[ 1438214ms] [ERROR] WebSocket connection to 'ws://localhost:4200/' failed: Error in connection establishment: net::ERR_CONNECTION_REFUSED @ http://localhost:4200/@vite/client:985
[ 1441346ms] [ERROR] WebSocket connection to 'ws://localhost:4200/' failed: Error in connection establishment: net::ERR_CONNECTION_REFUSED @ http://localhost:4200/@vite/client:985
[ 1443363ms] [ERROR] WebSocket connection to 'ws://localhost:4200/' failed: Error in connection establishment: net::ERR_CONNECTION_REFUSED @ http://localhost:4200/@vite/client:985
[ 1448461ms] [ERROR] WebSocket connection to 'ws://localhost:4200/' failed: Error in connection establishment: net::ERR_CONNECTION_REFUSED @ http://localhost:4200/@vite/client:985
[ 1452521ms] [ERROR] WebSocket connection to 'ws://localhost:4200/' failed: Error in connection establishment: net::ERR_CONNECTION_REFUSED @ http://localhost:4200/@vite/client:985
[ 1456170ms] [ERROR] WebSocket connection to 'ws://localhost:4200/' failed: Error in connection establishment: net::ERR_CONNECTION_REFUSED @ http://localhost:4200/@vite/client:985
[ 1459504ms] [ERROR] WebSocket connection to 'ws://localhost:4200/' failed: Error in connection establishment: net::ERR_CONNECTION_REFUSED @ http://localhost:4200/@vite/client:985
[ 1462592ms] [ERROR] WebSocket connection to 'ws://localhost:4200/' failed: Error in connection establishment: net::ERR_CONNECTION_REFUSED @ http://localhost:4200/@vite/client:985
[ 1466969ms] [ERROR] WebSocket connection to 'ws://localhost:4200/' failed: Error in connection establishment: net::ERR_CONNECTION_REFUSED @ http://localhost:4200/@vite/client:985
[ 1468998ms] [ERROR] WebSocket connection to 'ws://localhost:4200/' failed: Error in connection establishment: net::ERR_CONNECTION_REFUSED @ http://localhost:4200/@vite/client:985
[ 1472195ms] [ERROR] WebSocket connection to 'ws://localhost:4200/' failed: Error in connection establishment: net::ERR_CONNECTION_REFUSED @ http://localhost:4200/@vite/client:985
[ 1477508ms] [ERROR] WebSocket connection to 'ws://localhost:4200/' failed: Error in connection establishment: net::ERR_CONNECTION_REFUSED @ http://localhost:4200/@vite/client:985
[ 1481563ms] [ERROR] WebSocket connection to 'ws://localhost:4200/' failed: Error in connection establishment: net::ERR_CONNECTION_REFUSED @ http://localhost:4200/@vite/client:985
[ 1484481ms] [ERROR] WebSocket connection to 'ws://localhost:4200/' failed: Error in connection establishment: net::ERR_CONNECTION_REFUSED @ http://localhost:4200/@vite/client:985
[ 1486695ms] [ERROR] WebSocket connection to 'ws://localhost:4200/' failed: Error in connection establishment: net::ERR_CONNECTION_REFUSED @ http://localhost:4200/@vite/client:985
[ 1487701ms] [ERROR] WebSocket connection to 'ws://localhost:4200/' failed: Error in connection establishment: net::ERR_CONNECTION_REFUSED @ http://localhost:4200/@vite/client:985
[ 1488705ms] [ERROR] WebSocket connection to 'ws://localhost:4200/' failed: Error in connection establishment: net::ERR_CONNECTION_REFUSED @ http://localhost:4200/@vite/client:985
[ 1489710ms] [ERROR] WebSocket connection to 'ws://localhost:4200/' failed: Error in connection establishment: net::ERR_CONNECTION_REFUSED @ http://localhost:4200/@vite/client:985
[ 1490715ms] [ERROR] WebSocket connection to 'ws://localhost:4200/' failed: Error in connection establishment: net::ERR_CONNECTION_REFUSED @ http://localhost:4200/@vite/client:985
[ 1491719ms] [ERROR] WebSocket connection to 'ws://localhost:4200/' failed: Error in connection establishment: net::ERR_CONNECTION_REFUSED @ http://localhost:4200/@vite/client:985
[ 1492723ms] [ERROR] WebSocket connection to 'ws://localhost:4200/' failed: Error in connection establishment: net::ERR_CONNECTION_REFUSED @ http://localhost:4200/@vite/client:985
[ 1493733ms] [ERROR] WebSocket connection to 'ws://localhost:4200/' failed: Error in connection establishment: net::ERR_CONNECTION_REFUSED @ http://localhost:4200/@vite/client:985
[ 1494754ms] [ERROR] WebSocket connection to 'ws://localhost:4200/' failed: Error in connection establishment: net::ERR_CONNECTION_REFUSED @ http://localhost:4200/@vite/client:985
[ 1495782ms] [ERROR] WebSocket connection to 'ws://localhost:4200/' failed: Error in connection establishment: net::ERR_CONNECTION_REFUSED @ http://localhost:4200/@vite/client:985
[ 1496820ms] [ERROR] WebSocket connection to 'ws://localhost:4200/' failed: Error in connection establishment: net::ERR_CONNECTION_REFUSED @ http://localhost:4200/@vite/client:985
[ 1497878ms] [ERROR] WebSocket connection to 'ws://localhost:4200/' failed: Error in connection establishment: net::ERR_CONNECTION_REFUSED @ http://localhost:4200/@vite/client:985
[ 1499046ms] [ERROR] WebSocket connection to 'ws://localhost:4200/' failed: Error in connection establishment: net::ERR_CONNECTION_REFUSED @ http://localhost:4200/@vite/client:985
[ 1500544ms] [ERROR] WebSocket connection to 'ws://localhost:4200/' failed: Error in connection establishment: net::ERR_CONNECTION_REFUSED @ http://localhost:4200/@vite/client:985
[ 1501966ms] [ERROR] WebSocket connection to 'ws://localhost:4200/' failed: Error in connection establishment: net::ERR_CONNECTION_REFUSED @ http://localhost:4200/@vite/client:985
[ 1503878ms] [ERROR] WebSocket connection to 'ws://localhost:4200/' failed: Error in connection establishment: net::ERR_CONNECTION_REFUSED @ http://localhost:4200/@vite/client:985
[ 1506131ms] [ERROR] WebSocket connection to 'ws://localhost:4200/' failed: Error in connection establishment: net::ERR_CONNECTION_REFUSED @ http://localhost:4200/@vite/client:985
[ 1510050ms] [ERROR] WebSocket connection to 'ws://localhost:4200/' failed: Error in connection establishment: net::ERR_CONNECTION_REFUSED @ http://localhost:4200/@vite/client:985
[ 1514954ms] [ERROR] WebSocket connection to 'ws://localhost:4200/' failed: Error in connection establishment: net::ERR_CONNECTION_REFUSED @ http://localhost:4200/@vite/client:985
[ 1518619ms] [ERROR] WebSocket connection to 'ws://localhost:4200/' failed: Error in connection establishment: net::ERR_CONNECTION_REFUSED @ http://localhost:4200/@vite/client:985
[ 1524098ms] [ERROR] WebSocket connection to 'ws://localhost:4200/' failed: Error in connection establishment: net::ERR_CONNECTION_REFUSED @ http://localhost:4200/@vite/client:985
[ 1527172ms] [ERROR] WebSocket connection to 'ws://localhost:4200/' failed: Error in connection establishment: net::ERR_CONNECTION_REFUSED @ http://localhost:4200/@vite/client:985
[ 1529331ms] [ERROR] WebSocket connection to 'ws://localhost:4200/' failed: Error in connection establishment: net::ERR_CONNECTION_REFUSED @ http://localhost:4200/@vite/client:985
[ 1531883ms] [ERROR] WebSocket connection to 'ws://localhost:4200/' failed: Error in connection establishment: net::ERR_CONNECTION_REFUSED @ http://localhost:4200/@vite/client:985
[ 1535837ms] [ERROR] WebSocket connection to 'ws://localhost:4200/' failed: Error in connection establishment: net::ERR_CONNECTION_REFUSED @ http://localhost:4200/@vite/client:985
[ 1537987ms] [ERROR] WebSocket connection to 'ws://localhost:4200/' failed: Error in connection establishment: net::ERR_CONNECTION_REFUSED @ http://localhost:4200/@vite/client:985
[ 1542985ms] [ERROR] WebSocket connection to 'ws://localhost:4200/' failed: Error in connection establishment: net::ERR_CONNECTION_REFUSED @ http://localhost:4200/@vite/client:985
[ 1546330ms] [ERROR] WebSocket connection to 'ws://localhost:4200/' failed: Error in connection establishment: net::ERR_CONNECTION_REFUSED @ http://localhost:4200/@vite/client:985
[ 1552134ms] [ERROR] WebSocket connection to 'ws://localhost:4200/' failed: Error in connection establishment: net::ERR_CONNECTION_REFUSED @ http://localhost:4200/@vite/client:985
[ 1556982ms] [ERROR] WebSocket connection to 'ws://localhost:4200/' failed: Error in connection establishment: net::ERR_CONNECTION_REFUSED @ http://localhost:4200/@vite/client:985
[ 1561294ms] [ERROR] WebSocket connection to 'ws://localhost:4200/' failed: Error in connection establishment: net::ERR_CONNECTION_REFUSED @ http://localhost:4200/@vite/client:985
[ 1566693ms] [ERROR] WebSocket connection to 'ws://localhost:4200/' failed: Error in connection establishment: net::ERR_CONNECTION_REFUSED @ http://localhost:4200/@vite/client:985
[ 1569733ms] [ERROR] WebSocket connection to 'ws://localhost:4200/' failed: Error in connection establishment: net::ERR_CONNECTION_REFUSED @ http://localhost:4200/@vite/client:985
[ 1573825ms] [ERROR] WebSocket connection to 'ws://localhost:4200/' failed: Error in connection establishment: net::ERR_CONNECTION_REFUSED @ http://localhost:4200/@vite/client:985
[ 1579566ms] [ERROR] WebSocket connection to 'ws://localhost:4200/' failed: Error in connection establishment: net::ERR_CONNECTION_REFUSED @ http://localhost:4200/@vite/client:985
[ 1584059ms] [ERROR] WebSocket connection to 'ws://localhost:4200/' failed: Error in connection establishment: net::ERR_CONNECTION_REFUSED @ http://localhost:4200/@vite/client:985
[ 1588161ms] [ERROR] WebSocket connection to 'ws://localhost:4200/' failed: Error in connection establishment: net::ERR_CONNECTION_REFUSED @ http://localhost:4200/@vite/client:985
[ 1592645ms] [ERROR] WebSocket connection to 'ws://localhost:4200/' failed: Error in connection establishment: net::ERR_CONNECTION_REFUSED @ http://localhost:4200/@vite/client:985
[ 1595438ms] [ERROR] WebSocket connection to 'ws://localhost:4200/' failed: Error in connection establishment: net::ERR_CONNECTION_REFUSED @ http://localhost:4200/@vite/client:985
[ 1599329ms] [ERROR] WebSocket connection to 'ws://localhost:4200/' failed: Error in connection establishment: net::ERR_CONNECTION_REFUSED @ http://localhost:4200/@vite/client:985
[ 1604003ms] [ERROR] WebSocket connection to 'ws://localhost:4200/' failed: Error in connection establishment: net::ERR_CONNECTION_REFUSED @ http://localhost:4200/@vite/client:985
[ 1608369ms] [ERROR] WebSocket connection to 'ws://localhost:4200/' failed: Error in connection establishment: net::ERR_CONNECTION_REFUSED @ http://localhost:4200/@vite/client:985
[ 1611265ms] [ERROR] WebSocket connection to 'ws://localhost:4200/' failed: Error in connection establishment: net::ERR_CONNECTION_REFUSED @ http://localhost:4200/@vite/client:985
[ 1614627ms] [ERROR] WebSocket connection to 'ws://localhost:4200/' failed: Error in connection establishment: net::ERR_CONNECTION_REFUSED @ http://localhost:4200/@vite/client:985
[ 1618033ms] [ERROR] WebSocket connection to 'ws://localhost:4200/' failed: Error in connection establishment: net::ERR_CONNECTION_REFUSED @ http://localhost:4200/@vite/client:985
[ 1622393ms] [ERROR] WebSocket connection to 'ws://localhost:4200/' failed: Error in connection establishment: net::ERR_CONNECTION_REFUSED @ http://localhost:4200/@vite/client:985
[ 1627316ms] [ERROR] WebSocket connection to 'ws://localhost:4200/' failed: Error in connection establishment: net::ERR_CONNECTION_REFUSED @ http://localhost:4200/@vite/client:985
[ 1633008ms] [ERROR] WebSocket connection to 'ws://localhost:4200/' failed: Error in connection establishment: net::ERR_CONNECTION_REFUSED @ http://localhost:4200/@vite/client:985
[ 1635572ms] [ERROR] WebSocket connection to 'ws://localhost:4200/' failed: Error in connection establishment: net::ERR_CONNECTION_REFUSED @ http://localhost:4200/@vite/client:985
[ 1637610ms] [ERROR] WebSocket connection to 'ws://localhost:4200/' failed: Error in connection establishment: net::ERR_CONNECTION_REFUSED @ http://localhost:4200/@vite/client:985
[ 1640492ms] [ERROR] WebSocket connection to 'ws://localhost:4200/' failed: Error in connection establishment: net::ERR_CONNECTION_REFUSED @ http://localhost:4200/@vite/client:985
[ 1644512ms] [ERROR] WebSocket connection to 'ws://localhost:4200/' failed: Error in connection establishment: net::ERR_CONNECTION_REFUSED @ http://localhost:4200/@vite/client:985
[ 1646632ms] [ERROR] WebSocket connection to 'ws://localhost:4200/' failed: Error in connection establishment: net::ERR_CONNECTION_REFUSED @ http://localhost:4200/@vite/client:985
[ 1648683ms] [ERROR] WebSocket connection to 'ws://localhost:4200/' failed: Error in connection establishment: net::ERR_CONNECTION_REFUSED @ http://localhost:4200/@vite/client:985
[ 1654387ms] [ERROR] WebSocket connection to 'ws://localhost:4200/' failed: Error in connection establishment: net::ERR_CONNECTION_REFUSED @ http://localhost:4200/@vite/client:985
[ 1657383ms] [ERROR] WebSocket connection to 'ws://localhost:4200/' failed: Error in connection establishment: net::ERR_CONNECTION_REFUSED @ http://localhost:4200/@vite/client:985
[ 1662386ms] [ERROR] WebSocket connection to 'ws://localhost:4200/' failed: Error in connection establishment: net::ERR_CONNECTION_REFUSED @ http://localhost:4200/@vite/client:985
[ 1665138ms] [ERROR] WebSocket connection to 'ws://localhost:4200/' failed: Error in connection establishment: net::ERR_CONNECTION_REFUSED @ http://localhost:4200/@vite/client:985
[ 1668394ms] [ERROR] WebSocket connection to 'ws://localhost:4200/' failed: Error in connection establishment: net::ERR_CONNECTION_REFUSED @ http://localhost:4200/@vite/client:985
[ 1671460ms] [ERROR] WebSocket connection to 'ws://localhost:4200/' failed: Error in connection establishment: net::ERR_CONNECTION_REFUSED @ http://localhost:4200/@vite/client:985
[ 1674083ms] [ERROR] WebSocket connection to 'ws://localhost:4200/' failed: Error in connection establishment: net::ERR_CONNECTION_REFUSED @ http://localhost:4200/@vite/client:985
[ 1680013ms] [ERROR] WebSocket connection to 'ws://localhost:4200/' failed: Error in connection establishment: net::ERR_CONNECTION_REFUSED @ http://localhost:4200/@vite/client:985
[ 1685180ms] [ERROR] WebSocket connection to 'ws://localhost:4200/' failed: Error in connection establishment: net::ERR_CONNECTION_REFUSED @ http://localhost:4200/@vite/client:985
[ 1689660ms] [ERROR] WebSocket connection to 'ws://localhost:4200/' failed: Error in connection establishment: net::ERR_CONNECTION_REFUSED @ http://localhost:4200/@vite/client:985
[ 1693628ms] [ERROR] WebSocket connection to 'ws://localhost:4200/' failed: Error in connection establishment: net::ERR_CONNECTION_REFUSED @ http://localhost:4200/@vite/client:985
[ 1696818ms] [ERROR] WebSocket connection to 'ws://localhost:4200/' failed: Error in connection establishment: net::ERR_CONNECTION_REFUSED @ http://localhost:4200/@vite/client:985
[ 1701015ms] [ERROR] WebSocket connection to 'ws://localhost:4200/' failed: Error in connection establishment: net::ERR_CONNECTION_REFUSED @ http://localhost:4200/@vite/client:985
[ 1705618ms] [ERROR] WebSocket connection to 'ws://localhost:4200/' failed: Error in connection establishment: net::ERR_CONNECTION_REFUSED @ http://localhost:4200/@vite/client:985
[ 1709117ms] [ERROR] WebSocket connection to 'ws://localhost:4200/' failed: Error in connection establishment: net::ERR_CONNECTION_REFUSED @ http://localhost:4200/@vite/client:985
[ 1713524ms] [ERROR] WebSocket connection to 'ws://localhost:4200/' failed: Error in connection establishment: net::ERR_CONNECTION_REFUSED @ http://localhost:4200/@vite/client:985
[ 1719173ms] [ERROR] WebSocket connection to 'ws://localhost:4200/' failed: Error in connection establishment: net::ERR_CONNECTION_REFUSED @ http://localhost:4200/@vite/client:985
[ 1725101ms] [ERROR] WebSocket connection to 'ws://localhost:4200/' failed: Error in connection establishment: net::ERR_CONNECTION_REFUSED @ http://localhost:4200/@vite/client:985
[ 1730868ms] [ERROR] WebSocket connection to 'ws://localhost:4200/' failed: Error in connection establishment: net::ERR_CONNECTION_REFUSED @ http://localhost:4200/@vite/client:985
[ 1736460ms] [ERROR] WebSocket connection to 'ws://localhost:4200/' failed: Error in connection establishment: net::ERR_CONNECTION_REFUSED @ http://localhost:4200/@vite/client:985
[ 1741752ms] [ERROR] WebSocket connection to 'ws://localhost:4200/' failed: Error in connection establishment: net::ERR_CONNECTION_REFUSED @ http://localhost:4200/@vite/client:985
[ 1746431ms] [ERROR] WebSocket connection to 'ws://localhost:4200/' failed: Error in connection establishment: net::ERR_CONNECTION_REFUSED @ http://localhost:4200/@vite/client:985
[ 1751619ms] [ERROR] WebSocket connection to 'ws://localhost:4200/' failed: Error in connection establishment: net::ERR_CONNECTION_REFUSED @ http://localhost:4200/@vite/client:985
[ 1754104ms] [ERROR] WebSocket connection to 'ws://localhost:4200/' failed: Error in connection establishment: net::ERR_CONNECTION_REFUSED @ http://localhost:4200/@vite/client:985
[ 1756280ms] [ERROR] WebSocket connection to 'ws://localhost:4200/' failed: Error in connection establishment: net::ERR_CONNECTION_REFUSED @ http://localhost:4200/@vite/client:985
[ 1761329ms] [ERROR] WebSocket connection to 'ws://localhost:4200/' failed: Error in connection establishment: net::ERR_CONNECTION_REFUSED @ http://localhost:4200/@vite/client:985
[ 1765423ms] [ERROR] WebSocket connection to 'ws://localhost:4200/' failed: Error in connection establishment: net::ERR_CONNECTION_REFUSED @ http://localhost:4200/@vite/client:985
[ 1769621ms] [ERROR] WebSocket connection to 'ws://localhost:4200/' failed: Error in connection establishment: net::ERR_CONNECTION_REFUSED @ http://localhost:4200/@vite/client:985
[ 1771815ms] [ERROR] WebSocket connection to 'ws://localhost:4200/' failed: Error in connection establishment: net::ERR_CONNECTION_REFUSED @ http://localhost:4200/@vite/client:985
[ 1775836ms] [ERROR] WebSocket connection to 'ws://localhost:4200/' failed: Error in connection establishment: net::ERR_CONNECTION_REFUSED @ http://localhost:4200/@vite/client:985
[ 1779792ms] [ERROR] WebSocket connection to 'ws://localhost:4200/' failed: Error in connection establishment: net::ERR_CONNECTION_REFUSED @ http://localhost:4200/@vite/client:985
[ 1782524ms] [ERROR] WebSocket connection to 'ws://localhost:4200/' failed: Error in connection establishment: net::ERR_CONNECTION_REFUSED @ http://localhost:4200/@vite/client:985
[ 1785436ms] [ERROR] WebSocket connection to 'ws://localhost:4200/' failed: Error in connection establishment: net::ERR_CONNECTION_REFUSED @ http://localhost:4200/@vite/client:985
[ 1789094ms] [ERROR] WebSocket connection to 'ws://localhost:4200/' failed: Error in connection establishment: net::ERR_CONNECTION_REFUSED @ http://localhost:4200/@vite/client:985
[ 1792508ms] [ERROR] WebSocket connection to 'ws://localhost:4200/' failed: Error in connection establishment: net::ERR_CONNECTION_REFUSED @ http://localhost:4200/@vite/client:985
[ 1796945ms] [ERROR] WebSocket connection to 'ws://localhost:4200/' failed: Error in connection establishment: net::ERR_CONNECTION_REFUSED @ http://localhost:4200/@vite/client:985
[ 1802045ms] [ERROR] WebSocket connection to 'ws://localhost:4200/' failed: Error in connection establishment: net::ERR_CONNECTION_REFUSED @ http://localhost:4200/@vite/client:985
[ 1805158ms] [ERROR] WebSocket connection to 'ws://localhost:4200/' failed: Error in connection establishment: net::ERR_CONNECTION_REFUSED @ http://localhost:4200/@vite/client:985
[ 1809327ms] [ERROR] WebSocket connection to 'ws://localhost:4200/' failed: Error in connection establishment: net::ERR_CONNECTION_REFUSED @ http://localhost:4200/@vite/client:985
[ 1812670ms] [ERROR] WebSocket connection to 'ws://localhost:4200/' failed: Error in connection establishment: net::ERR_CONNECTION_REFUSED @ http://localhost:4200/@vite/client:985
[ 1818374ms] [ERROR] WebSocket connection to 'ws://localhost:4200/' failed: Error in connection establishment: net::ERR_CONNECTION_REFUSED @ http://localhost:4200/@vite/client:985
[ 1822141ms] [ERROR] WebSocket connection to 'ws://localhost:4200/' failed: Error in connection establishment: net::ERR_CONNECTION_REFUSED @ http://localhost:4200/@vite/client:985
[ 1827903ms] [ERROR] WebSocket connection to 'ws://localhost:4200/' failed: Error in connection establishment: net::ERR_CONNECTION_REFUSED @ http://localhost:4200/@vite/client:985
[ 1832630ms] [ERROR] WebSocket connection to 'ws://localhost:4200/' failed: Error in connection establishment: net::ERR_CONNECTION_REFUSED @ http://localhost:4200/@vite/client:985
[ 1835678ms] [ERROR] WebSocket connection to 'ws://localhost:4200/' failed: Error in connection establishment: net::ERR_CONNECTION_REFUSED @ http://localhost:4200/@vite/client:985
[ 1839809ms] [ERROR] WebSocket connection to 'ws://localhost:4200/' failed: Error in connection establishment: net::ERR_CONNECTION_REFUSED @ http://localhost:4200/@vite/client:985
[ 1844933ms] [ERROR] WebSocket connection to 'ws://localhost:4200/' failed: Error in connection establishment: net::ERR_CONNECTION_REFUSED @ http://localhost:4200/@vite/client:985
[ 1847492ms] [ERROR] WebSocket connection to 'ws://localhost:4200/' failed: Error in connection establishment: net::ERR_CONNECTION_REFUSED @ http://localhost:4200/@vite/client:985
[ 1848496ms] [ERROR] WebSocket connection to 'ws://localhost:4200/' failed: Error in connection establishment: net::ERR_CONNECTION_REFUSED @ http://localhost:4200/@vite/client:985
[ 1849499ms] [ERROR] WebSocket connection to 'ws://localhost:4200/' failed: Error in connection establishment: net::ERR_CONNECTION_REFUSED @ http://localhost:4200/@vite/client:985
[ 1850503ms] [ERROR] WebSocket connection to 'ws://localhost:4200/' failed: Error in connection establishment: net::ERR_CONNECTION_REFUSED @ http://localhost:4200/@vite/client:985
[ 1851508ms] [ERROR] WebSocket connection to 'ws://localhost:4200/' failed: Error in connection establishment: net::ERR_CONNECTION_REFUSED @ http://localhost:4200/@vite/client:985
[ 1852514ms] [ERROR] WebSocket connection to 'ws://localhost:4200/' failed: Error in connection establishment: net::ERR_CONNECTION_REFUSED @ http://localhost:4200/@vite/client:985
[ 1853522ms] [ERROR] WebSocket connection to 'ws://localhost:4200/' failed: Error in connection establishment: net::ERR_CONNECTION_REFUSED @ http://localhost:4200/@vite/client:985
[ 1854536ms] [ERROR] WebSocket connection to 'ws://localhost:4200/' failed: Error in connection establishment: net::ERR_CONNECTION_REFUSED @ http://localhost:4200/@vite/client:985
[ 1855563ms] [ERROR] WebSocket connection to 'ws://localhost:4200/' failed: Error in connection establishment: net::ERR_CONNECTION_REFUSED @ http://localhost:4200/@vite/client:985
[ 1856602ms] [ERROR] WebSocket connection to 'ws://localhost:4200/' failed: Error in connection establishment: net::ERR_CONNECTION_REFUSED @ http://localhost:4200/@vite/client:985
[ 1857651ms] [ERROR] WebSocket connection to 'ws://localhost:4200/' failed: Error in connection establishment: net::ERR_CONNECTION_REFUSED @ http://localhost:4200/@vite/client:985
[ 1858803ms] [ERROR] WebSocket connection to 'ws://localhost:4200/' failed: Error in connection establishment: net::ERR_CONNECTION_REFUSED @ http://localhost:4200/@vite/client:985
[ 1859942ms] [ERROR] WebSocket connection to 'ws://localhost:4200/' failed: Error in connection establishment: net::ERR_CONNECTION_REFUSED @ http://localhost:4200/@vite/client:985
[ 1861553ms] [ERROR] WebSocket connection to 'ws://localhost:4200/' failed: Error in connection establishment: net::ERR_CONNECTION_REFUSED @ http://localhost:4200/@vite/client:985
[ 1863505ms] [ERROR] WebSocket connection to 'ws://localhost:4200/' failed: Error in connection establishment: net::ERR_CONNECTION_REFUSED @ http://localhost:4200/@vite/client:985
[ 1865024ms] [ERROR] WebSocket connection to 'ws://localhost:4200/' failed: Error in connection establishment: net::ERR_CONNECTION_REFUSED @ http://localhost:4200/@vite/client:985
[ 1870974ms] [ERROR] WebSocket connection to 'ws://localhost:4200/' failed: Error in connection establishment: net::ERR_CONNECTION_REFUSED @ http://localhost:4200/@vite/client:985
[ 1874180ms] [ERROR] WebSocket connection to 'ws://localhost:4200/' failed: Error in connection establishment: net::ERR_CONNECTION_REFUSED @ http://localhost:4200/@vite/client:985
[ 1879109ms] [ERROR] WebSocket connection to 'ws://localhost:4200/' failed: Error in connection establishment: net::ERR_CONNECTION_REFUSED @ http://localhost:4200/@vite/client:985
[ 1884250ms] [ERROR] WebSocket connection to 'ws://localhost:4200/' failed: Error in connection establishment: net::ERR_CONNECTION_REFUSED @ http://localhost:4200/@vite/client:985
[ 1890254ms] [ERROR] WebSocket connection to 'ws://localhost:4200/' failed: Error in connection establishment: net::ERR_CONNECTION_REFUSED @ http://localhost:4200/@vite/client:985
[ 1895951ms] [ERROR] WebSocket connection to 'ws://localhost:4200/' failed: Error in connection establishment: net::ERR_CONNECTION_REFUSED @ http://localhost:4200/@vite/client:985
[ 1897997ms] [ERROR] WebSocket connection to 'ws://localhost:4200/' failed: Error in connection establishment: net::ERR_CONNECTION_REFUSED @ http://localhost:4200/@vite/client:985
[ 1901272ms] [ERROR] WebSocket connection to 'ws://localhost:4200/' failed: Error in connection establishment: net::ERR_CONNECTION_REFUSED @ http://localhost:4200/@vite/client:985
[ 1907245ms] [ERROR] WebSocket connection to 'ws://localhost:4200/' failed: Error in connection establishment: net::ERR_CONNECTION_REFUSED @ http://localhost:4200/@vite/client:985
[ 1911629ms] [ERROR] WebSocket connection to 'ws://localhost:4200/' failed: Error in connection establishment: net::ERR_CONNECTION_REFUSED @ http://localhost:4200/@vite/client:985
[ 1915283ms] [ERROR] WebSocket connection to 'ws://localhost:4200/' failed: Error in connection establishment: net::ERR_CONNECTION_REFUSED @ http://localhost:4200/@vite/client:985
[ 1921263ms] [ERROR] WebSocket connection to 'ws://localhost:4200/' failed: Error in connection establishment: net::ERR_CONNECTION_REFUSED @ http://localhost:4200/@vite/client:985
[ 1925137ms] [ERROR] WebSocket connection to 'ws://localhost:4200/' failed: Error in connection establishment: net::ERR_CONNECTION_REFUSED @ http://localhost:4200/@vite/client:985
[ 1929342ms] [ERROR] WebSocket connection to 'ws://localhost:4200/' failed: Error in connection establishment: net::ERR_CONNECTION_REFUSED @ http://localhost:4200/@vite/client:985
[ 1931792ms] [ERROR] WebSocket connection to 'ws://localhost:4200/' failed: Error in connection establishment: net::ERR_CONNECTION_REFUSED @ http://localhost:4200/@vite/client:985
[ 1937270ms] [ERROR] WebSocket connection to 'ws://localhost:4200/' failed: Error in connection establishment: net::ERR_CONNECTION_REFUSED @ http://localhost:4200/@vite/client:985
[ 1941511ms] [ERROR] WebSocket connection to 'ws://localhost:4200/' failed: Error in connection establishment: net::ERR_CONNECTION_REFUSED @ http://localhost:4200/@vite/client:985
[ 1946881ms] [ERROR] WebSocket connection to 'ws://localhost:4200/' failed: Error in connection establishment: net::ERR_CONNECTION_REFUSED @ http://localhost:4200/@vite/client:985
[ 1950803ms] [ERROR] WebSocket connection to 'ws://localhost:4200/' failed: Error in connection establishment: net::ERR_CONNECTION_REFUSED @ http://localhost:4200/@vite/client:985
[ 1953701ms] [ERROR] WebSocket connection to 'ws://localhost:4200/' failed: Error in connection establishment: net::ERR_CONNECTION_REFUSED @ http://localhost:4200/@vite/client:985
[ 1958152ms] [ERROR] WebSocket connection to 'ws://localhost:4200/' failed: Error in connection establishment: net::ERR_CONNECTION_REFUSED @ http://localhost:4200/@vite/client:985
[ 1963816ms] [ERROR] WebSocket connection to 'ws://localhost:4200/' failed: Error in connection establishment: net::ERR_CONNECTION_REFUSED @ http://localhost:4200/@vite/client:985
[ 1967789ms] [ERROR] WebSocket connection to 'ws://localhost:4200/' failed: Error in connection establishment: net::ERR_CONNECTION_REFUSED @ http://localhost:4200/@vite/client:985
[ 1968803ms] [ERROR] WebSocket connection to 'ws://localhost:4200/' failed: Error in connection establishment: net::ERR_CONNECTION_REFUSED @ http://localhost:4200/@vite/client:985
[ 1969808ms] [ERROR] WebSocket connection to 'ws://localhost:4200/' failed: Error in connection establishment: net::ERR_CONNECTION_REFUSED @ http://localhost:4200/@vite/client:985
[ 1970812ms] [ERROR] WebSocket connection to 'ws://localhost:4200/' failed: Error in connection establishment: net::ERR_CONNECTION_REFUSED @ http://localhost:4200/@vite/client:985
[ 1971819ms] [ERROR] WebSocket connection to 'ws://localhost:4200/' failed: Error in connection establishment: net::ERR_CONNECTION_REFUSED @ http://localhost:4200/@vite/client:985
[ 1972829ms] [ERROR] WebSocket connection to 'ws://localhost:4200/' failed: Error in connection establishment: net::ERR_CONNECTION_REFUSED @ http://localhost:4200/@vite/client:985
[ 1973835ms] [ERROR] WebSocket connection to 'ws://localhost:4200/' failed: Error in connection establishment: net::ERR_CONNECTION_REFUSED @ http://localhost:4200/@vite/client:985
[ 1974865ms] [ERROR] WebSocket connection to 'ws://localhost:4200/' failed: Error in connection establishment: net::ERR_CONNECTION_REFUSED @ http://localhost:4200/@vite/client:985
[ 1975883ms] [ERROR] WebSocket connection to 'ws://localhost:4200/' failed: Error in connection establishment: net::ERR_CONNECTION_REFUSED @ http://localhost:4200/@vite/client:985
[ 1976918ms] [ERROR] WebSocket connection to 'ws://localhost:4200/' failed: Error in connection establishment: net::ERR_CONNECTION_REFUSED @ http://localhost:4200/@vite/client:985
[ 1977961ms] [ERROR] WebSocket connection to 'ws://localhost:4200/' failed: Error in connection establishment: net::ERR_CONNECTION_REFUSED @ http://localhost:4200/@vite/client:985
[ 1979117ms] [ERROR] WebSocket connection to 'ws://localhost:4200/' failed: Error in connection establishment: net::ERR_CONNECTION_REFUSED @ http://localhost:4200/@vite/client:985
[ 1980371ms] [ERROR] WebSocket connection to 'ws://localhost:4200/' failed: Error in connection establishment: net::ERR_CONNECTION_REFUSED @ http://localhost:4200/@vite/client:985
[ 1981561ms] [ERROR] WebSocket connection to 'ws://localhost:4200/' failed: Error in connection establishment: net::ERR_CONNECTION_REFUSED @ http://localhost:4200/@vite/client:985
[ 1983714ms] [ERROR] WebSocket connection to 'ws://localhost:4200/' failed: Error in connection establishment: net::ERR_CONNECTION_REFUSED @ http://localhost:4200/@vite/client:985
[ 1987013ms] [ERROR] WebSocket connection to 'ws://localhost:4200/' failed: Error in connection establishment: net::ERR_CONNECTION_REFUSED @ http://localhost:4200/@vite/client:985
[ 1992227ms] [ERROR] WebSocket connection to 'ws://localhost:4200/' failed: Error in connection establishment: net::ERR_CONNECTION_REFUSED @ http://localhost:4200/@vite/client:985
[ 1997706ms] [ERROR] WebSocket connection to 'ws://localhost:4200/' failed: Error in connection establishment: net::ERR_CONNECTION_REFUSED @ http://localhost:4200/@vite/client:985
[ 2002348ms] [ERROR] WebSocket connection to 'ws://localhost:4200/' failed: Error in connection establishment: net::ERR_CONNECTION_REFUSED @ http://localhost:4200/@vite/client:985
[ 2005590ms] [ERROR] WebSocket connection to 'ws://localhost:4200/' failed: Error in connection establishment: net::ERR_CONNECTION_REFUSED @ http://localhost:4200/@vite/client:985
[ 2010002ms] [ERROR] WebSocket connection to 'ws://localhost:4200/' failed: Error in connection establishment: net::ERR_CONNECTION_REFUSED @ http://localhost:4200/@vite/client:985
[ 2014139ms] [ERROR] WebSocket connection to 'ws://localhost:4200/' failed: Error in connection establishment: net::ERR_CONNECTION_REFUSED @ http://localhost:4200/@vite/client:985
[ 2017198ms] [ERROR] WebSocket connection to 'ws://localhost:4200/' failed: Error in connection establishment: net::ERR_CONNECTION_REFUSED @ http://localhost:4200/@vite/client:985
[ 2020735ms] [ERROR] WebSocket connection to 'ws://localhost:4200/' failed: Error in connection establishment: net::ERR_CONNECTION_REFUSED @ http://localhost:4200/@vite/client:985
[ 2023940ms] [ERROR] WebSocket connection to 'ws://localhost:4200/' failed: Error in connection establishment: net::ERR_CONNECTION_REFUSED @ http://localhost:4200/@vite/client:985
[ 2027970ms] [ERROR] WebSocket connection to 'ws://localhost:4200/' failed: Error in connection establishment: net::ERR_CONNECTION_REFUSED @ http://localhost:4200/@vite/client:985
[ 2030389ms] [ERROR] WebSocket connection to 'ws://localhost:4200/' failed: Error in connection establishment: net::ERR_CONNECTION_REFUSED @ http://localhost:4200/@vite/client:985
[ 2035330ms] [ERROR] WebSocket connection to 'ws://localhost:4200/' failed: Error in connection establishment: net::ERR_CONNECTION_REFUSED @ http://localhost:4200/@vite/client:985
[ 2040031ms] [ERROR] WebSocket connection to 'ws://localhost:4200/' failed: Error in connection establishment: net::ERR_CONNECTION_REFUSED @ http://localhost:4200/@vite/client:985
[ 2043945ms] [ERROR] WebSocket connection to 'ws://localhost:4200/' failed: Error in connection establishment: net::ERR_CONNECTION_REFUSED @ http://localhost:4200/@vite/client:985
[ 2046222ms] [ERROR] WebSocket connection to 'ws://localhost:4200/' failed: Error in connection establishment: net::ERR_CONNECTION_REFUSED @ http://localhost:4200/@vite/client:985
[ 2051302ms] [ERROR] WebSocket connection to 'ws://localhost:4200/' failed: Error in connection establishment: net::ERR_CONNECTION_REFUSED @ http://localhost:4200/@vite/client:985
[ 2056046ms] [ERROR] WebSocket connection to 'ws://localhost:4200/' failed: Error in connection establishment: net::ERR_CONNECTION_REFUSED @ http://localhost:4200/@vite/client:985
[ 2060209ms] [ERROR] WebSocket connection to 'ws://localhost:4200/' failed: Error in connection establishment: net::ERR_CONNECTION_REFUSED @ http://localhost:4200/@vite/client:985
[ 2064196ms] [ERROR] WebSocket connection to 'ws://localhost:4200/' failed: Error in connection establishment: net::ERR_CONNECTION_REFUSED @ http://localhost:4200/@vite/client:985
[ 2069163ms] [ERROR] WebSocket connection to 'ws://localhost:4200/' failed: Error in connection establishment: net::ERR_CONNECTION_REFUSED @ http://localhost:4200/@vite/client:985
[ 2074186ms] [ERROR] WebSocket connection to 'ws://localhost:4200/' failed: Error in connection establishment: net::ERR_CONNECTION_REFUSED @ http://localhost:4200/@vite/client:985
[ 2076672ms] [ERROR] WebSocket connection to 'ws://localhost:4200/' failed: Error in connection establishment: net::ERR_CONNECTION_REFUSED @ http://localhost:4200/@vite/client:985
[ 2079641ms] [ERROR] WebSocket connection to 'ws://localhost:4200/' failed: Error in connection establishment: net::ERR_CONNECTION_REFUSED @ http://localhost:4200/@vite/client:985
[ 2085260ms] [ERROR] WebSocket connection to 'ws://localhost:4200/' failed: Error in connection establishment: net::ERR_CONNECTION_REFUSED @ http://localhost:4200/@vite/client:985
[ 2089563ms] [ERROR] WebSocket connection to 'ws://localhost:4200/' failed: Error in connection establishment: net::ERR_CONNECTION_REFUSED @ http://localhost:4200/@vite/client:985
[ 2091686ms] [ERROR] WebSocket connection to 'ws://localhost:4200/' failed: Error in connection establishment: net::ERR_CONNECTION_REFUSED @ http://localhost:4200/@vite/client:985
[ 2096630ms] [ERROR] WebSocket connection to 'ws://localhost:4200/' failed: Error in connection establishment: net::ERR_CONNECTION_REFUSED @ http://localhost:4200/@vite/client:985
[ 2099973ms] [ERROR] WebSocket connection to 'ws://localhost:4200/' failed: Error in connection establishment: net::ERR_CONNECTION_REFUSED @ http://localhost:4200/@vite/client:985
[ 2102157ms] [ERROR] WebSocket connection to 'ws://localhost:4200/' failed: Error in connection establishment: net::ERR_CONNECTION_REFUSED @ http://localhost:4200/@vite/client:985
[ 2105290ms] [ERROR] WebSocket connection to 'ws://localhost:4200/' failed: Error in connection establishment: net::ERR_CONNECTION_REFUSED @ http://localhost:4200/@vite/client:985
[ 2109693ms] [ERROR] WebSocket connection to 'ws://localhost:4200/' failed: Error in connection establishment: net::ERR_CONNECTION_REFUSED @ http://localhost:4200/@vite/client:985
[ 2113062ms] [ERROR] WebSocket connection to 'ws://localhost:4200/' failed: Error in connection establishment: net::ERR_CONNECTION_REFUSED @ http://localhost:4200/@vite/client:985
[ 2117498ms] [ERROR] WebSocket connection to 'ws://localhost:4200/' failed: Error in connection establishment: net::ERR_CONNECTION_REFUSED @ http://localhost:4200/@vite/client:985
[ 2121390ms] [ERROR] WebSocket connection to 'ws://localhost:4200/' failed: Error in connection establishment: net::ERR_CONNECTION_REFUSED @ http://localhost:4200/@vite/client:985
[ 2123541ms] [ERROR] WebSocket connection to 'ws://localhost:4200/' failed: Error in connection establishment: net::ERR_CONNECTION_REFUSED @ http://localhost:4200/@vite/client:985
[ 2127430ms] [ERROR] WebSocket connection to 'ws://localhost:4200/' failed: Error in connection establishment: net::ERR_CONNECTION_REFUSED @ http://localhost:4200/@vite/client:985
[ 2130430ms] [ERROR] WebSocket connection to 'ws://localhost:4200/' failed: Error in connection establishment: net::ERR_CONNECTION_REFUSED @ http://localhost:4200/@vite/client:985
[ 2134779ms] [ERROR] WebSocket connection to 'ws://localhost:4200/' failed: Error in connection establishment: net::ERR_CONNECTION_REFUSED @ http://localhost:4200/@vite/client:985
[ 2137375ms] [ERROR] WebSocket connection to 'ws://localhost:4200/' failed: Error in connection establishment: net::ERR_CONNECTION_REFUSED @ http://localhost:4200/@vite/client:985
[ 2141547ms] [ERROR] WebSocket connection to 'ws://localhost:4200/' failed: Error in connection establishment: net::ERR_CONNECTION_REFUSED @ http://localhost:4200/@vite/client:985
[ 2144125ms] [ERROR] WebSocket connection to 'ws://localhost:4200/' failed: Error in connection establishment: net::ERR_CONNECTION_REFUSED @ http://localhost:4200/@vite/client:985
[ 2149138ms] [ERROR] WebSocket connection to 'ws://localhost:4200/' failed: Error in connection establishment: net::ERR_CONNECTION_REFUSED @ http://localhost:4200/@vite/client:985
[ 2154373ms] [ERROR] WebSocket connection to 'ws://localhost:4200/' failed: Error in connection establishment: net::ERR_CONNECTION_REFUSED @ http://localhost:4200/@vite/client:985
[ 2158060ms] [ERROR] WebSocket connection to 'ws://localhost:4200/' failed: Error in connection establishment: net::ERR_CONNECTION_REFUSED @ http://localhost:4200/@vite/client:985
[ 2161764ms] [ERROR] WebSocket connection to 'ws://localhost:4200/' failed: Error in connection establishment: net::ERR_CONNECTION_REFUSED @ http://localhost:4200/@vite/client:985
[ 2164327ms] [ERROR] WebSocket connection to 'ws://localhost:4200/' failed: Error in connection establishment: net::ERR_CONNECTION_REFUSED @ http://localhost:4200/@vite/client:985
[ 2169811ms] [ERROR] WebSocket connection to 'ws://localhost:4200/' failed: Error in connection establishment: net::ERR_CONNECTION_REFUSED @ http://localhost:4200/@vite/client:985
[ 2174914ms] [ERROR] WebSocket connection to 'ws://localhost:4200/' failed: Error in connection establishment: net::ERR_CONNECTION_REFUSED @ http://localhost:4200/@vite/client:985
[ 2179972ms] [ERROR] WebSocket connection to 'ws://localhost:4200/' failed: Error in connection establishment: net::ERR_CONNECTION_REFUSED @ http://localhost:4200/@vite/client:985
[ 2185511ms] [ERROR] WebSocket connection to 'ws://localhost:4200/' failed: Error in connection establishment: net::ERR_CONNECTION_REFUSED @ http://localhost:4200/@vite/client:985
[ 2187635ms] [ERROR] WebSocket connection to 'ws://localhost:4200/' failed: Error in connection establishment: net::ERR_CONNECTION_REFUSED @ http://localhost:4200/@vite/client:985
[ 2191793ms] [ERROR] WebSocket connection to 'ws://localhost:4200/' failed: Error in connection establishment: net::ERR_CONNECTION_REFUSED @ http://localhost:4200/@vite/client:985
[ 2195315ms] [ERROR] WebSocket connection to 'ws://localhost:4200/' failed: Error in connection establishment: net::ERR_CONNECTION_REFUSED @ http://localhost:4200/@vite/client:985
[ 2200427ms] [ERROR] WebSocket connection to 'ws://localhost:4200/' failed: Error in connection establishment: net::ERR_CONNECTION_REFUSED @ http://localhost:4200/@vite/client:985
[ 2202874ms] [ERROR] WebSocket connection to 'ws://localhost:4200/' failed: Error in connection establishment: net::ERR_CONNECTION_REFUSED @ http://localhost:4200/@vite/client:985
[ 2207918ms] [ERROR] WebSocket connection to 'ws://localhost:4200/' failed: Error in connection establishment: net::ERR_CONNECTION_REFUSED @ http://localhost:4200/@vite/client:985
[ 2208925ms] [ERROR] WebSocket connection to 'ws://localhost:4200/' failed: Error in connection establishment: net::ERR_CONNECTION_REFUSED @ http://localhost:4200/@vite/client:985
[ 2209929ms] [ERROR] WebSocket connection to 'ws://localhost:4200/' failed: Error in connection establishment: net::ERR_CONNECTION_REFUSED @ http://localhost:4200/@vite/client:985
[ 2210933ms] [ERROR] WebSocket connection to 'ws://localhost:4200/' failed: Error in connection establishment: net::ERR_CONNECTION_REFUSED @ http://localhost:4200/@vite/client:985
[ 2211938ms] [ERROR] WebSocket connection to 'ws://localhost:4200/' failed: Error in connection establishment: net::ERR_CONNECTION_REFUSED @ http://localhost:4200/@vite/client:985
[ 2212943ms] [ERROR] WebSocket connection to 'ws://localhost:4200/' failed: Error in connection establishment: net::ERR_CONNECTION_REFUSED @ http://localhost:4200/@vite/client:985
[ 2213949ms] [ERROR] WebSocket connection to 'ws://localhost:4200/' failed: Error in connection establishment: net::ERR_CONNECTION_REFUSED @ http://localhost:4200/@vite/client:985
[ 2214957ms] [ERROR] WebSocket connection to 'ws://localhost:4200/' failed: Error in connection establishment: net::ERR_CONNECTION_REFUSED @ http://localhost:4200/@vite/client:985
[ 2215988ms] [ERROR] WebSocket connection to 'ws://localhost:4200/' failed: Error in connection establishment: net::ERR_CONNECTION_REFUSED @ http://localhost:4200/@vite/client:985
[ 2217015ms] [ERROR] WebSocket connection to 'ws://localhost:4200/' failed: Error in connection establishment: net::ERR_CONNECTION_REFUSED @ http://localhost:4200/@vite/client:985
[ 2218070ms] [ERROR] WebSocket connection to 'ws://localhost:4200/' failed: Error in connection establishment: net::ERR_CONNECTION_REFUSED @ http://localhost:4200/@vite/client:985
[ 2219177ms] [ERROR] WebSocket connection to 'ws://localhost:4200/' failed: Error in connection establishment: net::ERR_CONNECTION_REFUSED @ http://localhost:4200/@vite/client:985
[ 2220432ms] [ERROR] WebSocket connection to 'ws://localhost:4200/' failed: Error in connection establishment: net::ERR_CONNECTION_REFUSED @ http://localhost:4200/@vite/client:985
[ 2221866ms] [ERROR] WebSocket connection to 'ws://localhost:4200/' failed: Error in connection establishment: net::ERR_CONNECTION_REFUSED @ http://localhost:4200/@vite/client:985
[ 2223998ms] [ERROR] WebSocket connection to 'ws://localhost:4200/' failed: Error in connection establishment: net::ERR_CONNECTION_REFUSED @ http://localhost:4200/@vite/client:985
[ 2225561ms] [ERROR] WebSocket connection to 'ws://localhost:4200/' failed: Error in connection establishment: net::ERR_CONNECTION_REFUSED @ http://localhost:4200/@vite/client:985
[ 2230867ms] [ERROR] WebSocket connection to 'ws://localhost:4200/' failed: Error in connection establishment: net::ERR_CONNECTION_REFUSED @ http://localhost:4200/@vite/client:985
[ 2235894ms] [ERROR] WebSocket connection to 'ws://localhost:4200/' failed: Error in connection establishment: net::ERR_CONNECTION_REFUSED @ http://localhost:4200/@vite/client:985
[ 2239633ms] [ERROR] WebSocket connection to 'ws://localhost:4200/' failed: Error in connection establishment: net::ERR_CONNECTION_REFUSED @ http://localhost:4200/@vite/client:985
[ 2243070ms] [ERROR] WebSocket connection to 'ws://localhost:4200/' failed: Error in connection establishment: net::ERR_CONNECTION_REFUSED @ http://localhost:4200/@vite/client:985
[ 2248908ms] [ERROR] WebSocket connection to 'ws://localhost:4200/' failed: Error in connection establishment: net::ERR_CONNECTION_REFUSED @ http://localhost:4200/@vite/client:985
[ 2251306ms] [ERROR] WebSocket connection to 'ws://localhost:4200/' failed: Error in connection establishment: net::ERR_CONNECTION_REFUSED @ http://localhost:4200/@vite/client:985
[ 2253573ms] [ERROR] WebSocket connection to 'ws://localhost:4200/' failed: Error in connection establishment: net::ERR_CONNECTION_REFUSED @ http://localhost:4200/@vite/client:985
[ 2258852ms] [ERROR] WebSocket connection to 'ws://localhost:4200/' failed: Error in connection establishment: net::ERR_CONNECTION_REFUSED @ http://localhost:4200/@vite/client:985
[ 2263016ms] [ERROR] WebSocket connection to 'ws://localhost:4200/' failed: Error in connection establishment: net::ERR_CONNECTION_REFUSED @ http://localhost:4200/@vite/client:985
[ 2266995ms] [ERROR] WebSocket connection to 'ws://localhost:4200/' failed: Error in connection establishment: net::ERR_CONNECTION_REFUSED @ http://localhost:4200/@vite/client:985
[ 2271190ms] [ERROR] WebSocket connection to 'ws://localhost:4200/' failed: Error in connection establishment: net::ERR_CONNECTION_REFUSED @ http://localhost:4200/@vite/client:985
[ 2276332ms] [ERROR] WebSocket connection to 'ws://localhost:4200/' failed: Error in connection establishment: net::ERR_CONNECTION_REFUSED @ http://localhost:4200/@vite/client:985
[ 2278675ms] [ERROR] WebSocket connection to 'ws://localhost:4200/' failed: Error in connection establishment: net::ERR_CONNECTION_REFUSED @ http://localhost:4200/@vite/client:985
[ 2283300ms] [ERROR] WebSocket connection to 'ws://localhost:4200/' failed: Error in connection establishment: net::ERR_CONNECTION_REFUSED @ http://localhost:4200/@vite/client:985
[ 2287153ms] [ERROR] WebSocket connection to 'ws://localhost:4200/' failed: Error in connection establishment: net::ERR_CONNECTION_REFUSED @ http://localhost:4200/@vite/client:985
[ 2292788ms] [ERROR] WebSocket connection to 'ws://localhost:4200/' failed: Error in connection establishment: net::ERR_CONNECTION_REFUSED @ http://localhost:4200/@vite/client:985
[ 2295764ms] [ERROR] WebSocket connection to 'ws://localhost:4200/' failed: Error in connection establishment: net::ERR_CONNECTION_REFUSED @ http://localhost:4200/@vite/client:985
[ 2299044ms] [ERROR] WebSocket connection to 'ws://localhost:4200/' failed: Error in connection establishment: net::ERR_CONNECTION_REFUSED @ http://localhost:4200/@vite/client:985
[ 2302249ms] [ERROR] WebSocket connection to 'ws://localhost:4200/' failed: Error in connection establishment: net::ERR_CONNECTION_REFUSED @ http://localhost:4200/@vite/client:985
[ 2304515ms] [ERROR] WebSocket connection to 'ws://localhost:4200/' failed: Error in connection establishment: net::ERR_CONNECTION_REFUSED @ http://localhost:4200/@vite/client:985
[ 2308037ms] [ERROR] WebSocket connection to 'ws://localhost:4200/' failed: Error in connection establishment: net::ERR_CONNECTION_REFUSED @ http://localhost:4200/@vite/client:985
[ 2312828ms] [ERROR] WebSocket connection to 'ws://localhost:4200/' failed: Error in connection establishment: net::ERR_CONNECTION_REFUSED @ http://localhost:4200/@vite/client:985
[ 2315908ms] [ERROR] WebSocket connection to 'ws://localhost:4200/' failed: Error in connection establishment: net::ERR_CONNECTION_REFUSED @ http://localhost:4200/@vite/client:985
[ 2321007ms] [ERROR] WebSocket connection to 'ws://localhost:4200/' failed: Error in connection establishment: net::ERR_CONNECTION_REFUSED @ http://localhost:4200/@vite/client:985
[ 2324134ms] [ERROR] WebSocket connection to 'ws://localhost:4200/' failed: Error in connection establishment: net::ERR_CONNECTION_REFUSED @ http://localhost:4200/@vite/client:985
[ 2327557ms] [ERROR] WebSocket connection to 'ws://localhost:4200/' failed: Error in connection establishment: net::ERR_CONNECTION_REFUSED @ http://localhost:4200/@vite/client:985
[ 2333222ms] [ERROR] WebSocket connection to 'ws://localhost:4200/' failed: Error in connection establishment: net::ERR_CONNECTION_REFUSED @ http://localhost:4200/@vite/client:985
[ 2335498ms] [ERROR] WebSocket connection to 'ws://localhost:4200/' failed: Error in connection establishment: net::ERR_CONNECTION_REFUSED @ http://localhost:4200/@vite/client:985
[ 2341208ms] [ERROR] WebSocket connection to 'ws://localhost:4200/' failed: Error in connection establishment: net::ERR_CONNECTION_REFUSED @ http://localhost:4200/@vite/client:985
[ 2344537ms] [ERROR] WebSocket connection to 'ws://localhost:4200/' failed: Error in connection establishment: net::ERR_CONNECTION_REFUSED @ http://localhost:4200/@vite/client:985
[ 2348067ms] [ERROR] WebSocket connection to 'ws://localhost:4200/' failed: Error in connection establishment: net::ERR_CONNECTION_REFUSED @ http://localhost:4200/@vite/client:985
[ 2353442ms] [ERROR] WebSocket connection to 'ws://localhost:4200/' failed: Error in connection establishment: net::ERR_CONNECTION_REFUSED @ http://localhost:4200/@vite/client:985
[ 2358766ms] [ERROR] WebSocket connection to 'ws://localhost:4200/' failed: Error in connection establishment: net::ERR_CONNECTION_REFUSED @ http://localhost:4200/@vite/client:985
[ 2364594ms] [ERROR] WebSocket connection to 'ws://localhost:4200/' failed: Error in connection establishment: net::ERR_CONNECTION_REFUSED @ http://localhost:4200/@vite/client:985
[ 2366883ms] [ERROR] WebSocket connection to 'ws://localhost:4200/' failed: Error in connection establishment: net::ERR_CONNECTION_REFUSED @ http://localhost:4200/@vite/client:985
[ 2372264ms] [ERROR] WebSocket connection to 'ws://localhost:4200/' failed: Error in connection establishment: net::ERR_CONNECTION_REFUSED @ http://localhost:4200/@vite/client:985
[ 2377662ms] [ERROR] WebSocket connection to 'ws://localhost:4200/' failed: Error in connection establishment: net::ERR_CONNECTION_REFUSED @ http://localhost:4200/@vite/client:985
[ 2381206ms] [ERROR] WebSocket connection to 'ws://localhost:4200/' failed: Error in connection establishment: net::ERR_CONNECTION_REFUSED @ http://localhost:4200/@vite/client:985
[ 2383338ms] [ERROR] WebSocket connection to 'ws://localhost:4200/' failed: Error in connection establishment: net::ERR_CONNECTION_REFUSED @ http://localhost:4200/@vite/client:985
[ 2385991ms] [ERROR] WebSocket connection to 'ws://localhost:4200/' failed: Error in connection establishment: net::ERR_CONNECTION_REFUSED @ http://localhost:4200/@vite/client:985
[ 2389229ms] [ERROR] WebSocket connection to 'ws://localhost:4200/' failed: Error in connection establishment: net::ERR_CONNECTION_REFUSED @ http://localhost:4200/@vite/client:985
[ 2395212ms] [ERROR] WebSocket connection to 'ws://localhost:4200/' failed: Error in connection establishment: net::ERR_CONNECTION_REFUSED @ http://localhost:4200/@vite/client:985
[ 2400127ms] [ERROR] WebSocket connection to 'ws://localhost:4200/' failed: Error in connection establishment: net::ERR_CONNECTION_REFUSED @ http://localhost:4200/@vite/client:985
[ 2403723ms] [ERROR] WebSocket connection to 'ws://localhost:4200/' failed: Error in connection establishment: net::ERR_CONNECTION_REFUSED @ http://localhost:4200/@vite/client:985
[ 2408433ms] [ERROR] WebSocket connection to 'ws://localhost:4200/' failed: Error in connection establishment: net::ERR_CONNECTION_REFUSED @ http://localhost:4200/@vite/client:985
[ 2414130ms] [ERROR] WebSocket connection to 'ws://localhost:4200/' failed: Error in connection establishment: net::ERR_CONNECTION_REFUSED @ http://localhost:4200/@vite/client:985
[ 2416229ms] [ERROR] WebSocket connection to 'ws://localhost:4200/' failed: Error in connection establishment: net::ERR_CONNECTION_REFUSED @ http://localhost:4200/@vite/client:985
[ 2420967ms] [ERROR] WebSocket connection to 'ws://localhost:4200/' failed: Error in connection establishment: net::ERR_CONNECTION_REFUSED @ http://localhost:4200/@vite/client:985
[ 2426071ms] [ERROR] WebSocket connection to 'ws://localhost:4200/' failed: Error in connection establishment: net::ERR_CONNECTION_REFUSED @ http://localhost:4200/@vite/client:985
[ 2428215ms] [ERROR] WebSocket connection to 'ws://localhost:4200/' failed: Error in connection establishment: net::ERR_CONNECTION_REFUSED @ http://localhost:4200/@vite/client:985
[ 2433294ms] [ERROR] WebSocket connection to 'ws://localhost:4200/' failed: Error in connection establishment: net::ERR_CONNECTION_REFUSED @ http://localhost:4200/@vite/client:985
[ 2436399ms] [ERROR] WebSocket connection to 'ws://localhost:4200/' failed: Error in connection establishment: net::ERR_CONNECTION_REFUSED @ http://localhost:4200/@vite/client:985
[ 2439499ms] [ERROR] WebSocket connection to 'ws://localhost:4200/' failed: Error in connection establishment: net::ERR_CONNECTION_REFUSED @ http://localhost:4200/@vite/client:985
[ 2445463ms] [ERROR] WebSocket connection to 'ws://localhost:4200/' failed: Error in connection establishment: net::ERR_CONNECTION_REFUSED @ http://localhost:4200/@vite/client:985
[ 2449742ms] [ERROR] WebSocket connection to 'ws://localhost:4200/' failed: Error in connection establishment: net::ERR_CONNECTION_REFUSED @ http://localhost:4200/@vite/client:985
[ 2454662ms] [ERROR] WebSocket connection to 'ws://localhost:4200/' failed: Error in connection establishment: net::ERR_CONNECTION_REFUSED @ http://localhost:4200/@vite/client:985
[ 2458150ms] [ERROR] WebSocket connection to 'ws://localhost:4200/' failed: Error in connection establishment: net::ERR_CONNECTION_REFUSED @ http://localhost:4200/@vite/client:985
[ 2463851ms] [ERROR] WebSocket connection to 'ws://localhost:4200/' failed: Error in connection establishment: net::ERR_CONNECTION_REFUSED @ http://localhost:4200/@vite/client:985
[ 2467927ms] [ERROR] WebSocket connection to 'ws://localhost:4200/' failed: Error in connection establishment: net::ERR_CONNECTION_REFUSED @ http://localhost:4200/@vite/client:985
[ 2471872ms] [ERROR] WebSocket connection to 'ws://localhost:4200/' failed: Error in connection establishment: net::ERR_CONNECTION_REFUSED @ http://localhost:4200/@vite/client:985
[ 2477102ms] [ERROR] WebSocket connection to 'ws://localhost:4200/' failed: Error in connection establishment: net::ERR_CONNECTION_REFUSED @ http://localhost:4200/@vite/client:985
[ 2482126ms] [ERROR] WebSocket connection to 'ws://localhost:4200/' failed: Error in connection establishment: net::ERR_CONNECTION_REFUSED @ http://localhost:4200/@vite/client:985
[ 2486483ms] [ERROR] WebSocket connection to 'ws://localhost:4200/' failed: Error in connection establishment: net::ERR_CONNECTION_REFUSED @ http://localhost:4200/@vite/client:985
[ 2489292ms] [ERROR] WebSocket connection to 'ws://localhost:4200/' failed: Error in connection establishment: net::ERR_CONNECTION_REFUSED @ http://localhost:4200/@vite/client:985
[ 2492955ms] [ERROR] WebSocket connection to 'ws://localhost:4200/' failed: Error in connection establishment: net::ERR_CONNECTION_REFUSED @ http://localhost:4200/@vite/client:985
[ 2497893ms] [ERROR] WebSocket connection to 'ws://localhost:4200/' failed: Error in connection establishment: net::ERR_CONNECTION_REFUSED @ http://localhost:4200/@vite/client:985
[ 2503011ms] [ERROR] WebSocket connection to 'ws://localhost:4200/' failed: Error in connection establishment: net::ERR_CONNECTION_REFUSED @ http://localhost:4200/@vite/client:985
[ 2505129ms] [ERROR] WebSocket connection to 'ws://localhost:4200/' failed: Error in connection establishment: net::ERR_CONNECTION_REFUSED @ http://localhost:4200/@vite/client:985
[ 2507733ms] [ERROR] WebSocket connection to 'ws://localhost:4200/' failed: Error in connection establishment: net::ERR_CONNECTION_REFUSED @ http://localhost:4200/@vite/client:985
[ 2509820ms] [ERROR] WebSocket connection to 'ws://localhost:4200/' failed: Error in connection establishment: net::ERR_CONNECTION_REFUSED @ http://localhost:4200/@vite/client:985
[ 2514067ms] [ERROR] WebSocket connection to 'ws://localhost:4200/' failed: Error in connection establishment: net::ERR_CONNECTION_REFUSED @ http://localhost:4200/@vite/client:985
[ 2517147ms] [ERROR] WebSocket connection to 'ws://localhost:4200/' failed: Error in connection establishment: net::ERR_CONNECTION_REFUSED @ http://localhost:4200/@vite/client:985
[ 2522592ms] [ERROR] WebSocket connection to 'ws://localhost:4200/' failed: Error in connection establishment: net::ERR_CONNECTION_REFUSED @ http://localhost:4200/@vite/client:985
[ 2526274ms] [ERROR] WebSocket connection to 'ws://localhost:4200/' failed: Error in connection establishment: net::ERR_CONNECTION_REFUSED @ http://localhost:4200/@vite/client:985
[ 2529946ms] [ERROR] WebSocket connection to 'ws://localhost:4200/' failed: Error in connection establishment: net::ERR_CONNECTION_REFUSED @ http://localhost:4200/@vite/client:985
[ 2533681ms] [ERROR] WebSocket connection to 'ws://localhost:4200/' failed: Error in connection establishment: net::ERR_CONNECTION_REFUSED @ http://localhost:4200/@vite/client:985
[ 2535889ms] [ERROR] WebSocket connection to 'ws://localhost:4200/' failed: Error in connection establishment: net::ERR_CONNECTION_REFUSED @ http://localhost:4200/@vite/client:985
[ 2538426ms] [ERROR] WebSocket connection to 'ws://localhost:4200/' failed: Error in connection establishment: net::ERR_CONNECTION_REFUSED @ http://localhost:4200/@vite/client:985
[ 2542589ms] [ERROR] WebSocket connection to 'ws://localhost:4200/' failed: Error in connection establishment: net::ERR_CONNECTION_REFUSED @ http://localhost:4200/@vite/client:985
[ 2545379ms] [ERROR] WebSocket connection to 'ws://localhost:4200/' failed: Error in connection establishment: net::ERR_CONNECTION_REFUSED @ http://localhost:4200/@vite/client:985
[ 2547529ms] [ERROR] WebSocket connection to 'ws://localhost:4200/' failed: Error in connection establishment: net::ERR_CONNECTION_REFUSED @ http://localhost:4200/@vite/client:985
[ 2549607ms] [ERROR] WebSocket connection to 'ws://localhost:4200/' failed: Error in connection establishment: net::ERR_CONNECTION_REFUSED @ http://localhost:4200/@vite/client:985
[ 2553113ms] [ERROR] WebSocket connection to 'ws://localhost:4200/' failed: Error in connection establishment: net::ERR_CONNECTION_REFUSED @ http://localhost:4200/@vite/client:985
[ 2559120ms] [ERROR] WebSocket connection to 'ws://localhost:4200/' failed: Error in connection establishment: net::ERR_CONNECTION_REFUSED @ http://localhost:4200/@vite/client:985
[ 2564785ms] [ERROR] WebSocket connection to 'ws://localhost:4200/' failed: Error in connection establishment: net::ERR_CONNECTION_REFUSED @ http://localhost:4200/@vite/client:985
[ 2566950ms] [ERROR] WebSocket connection to 'ws://localhost:4200/' failed: Error in connection establishment: net::ERR_CONNECTION_REFUSED @ http://localhost:4200/@vite/client:985
[ 2571551ms] [ERROR] WebSocket connection to 'ws://localhost:4200/' failed: Error in connection establishment: net::ERR_CONNECTION_REFUSED @ http://localhost:4200/@vite/client:985
[ 2575614ms] [ERROR] WebSocket connection to 'ws://localhost:4200/' failed: Error in connection establishment: net::ERR_CONNECTION_REFUSED @ http://localhost:4200/@vite/client:985
[ 2580298ms] [ERROR] WebSocket connection to 'ws://localhost:4200/' failed: Error in connection establishment: net::ERR_CONNECTION_REFUSED @ http://localhost:4200/@vite/client:985
[ 2584041ms] [ERROR] WebSocket connection to 'ws://localhost:4200/' failed: Error in connection establishment: net::ERR_CONNECTION_REFUSED @ http://localhost:4200/@vite/client:985
[ 2587272ms] [ERROR] WebSocket connection to 'ws://localhost:4200/' failed: Error in connection establishment: net::ERR_CONNECTION_REFUSED @ http://localhost:4200/@vite/client:985
[ 2589851ms] [ERROR] WebSocket connection to 'ws://localhost:4200/' failed: Error in connection establishment: net::ERR_CONNECTION_REFUSED @ http://localhost:4200/@vite/client:985
[ 2595335ms] [ERROR] WebSocket connection to 'ws://localhost:4200/' failed: Error in connection establishment: net::ERR_CONNECTION_REFUSED @ http://localhost:4200/@vite/client:985
[ 2597704ms] [ERROR] WebSocket connection to 'ws://localhost:4200/' failed: Error in connection establishment: net::ERR_CONNECTION_REFUSED @ http://localhost:4200/@vite/client:985
[ 2601822ms] [ERROR] WebSocket connection to 'ws://localhost:4200/' failed: Error in connection establishment: net::ERR_CONNECTION_REFUSED @ http://localhost:4200/@vite/client:985
[ 2606083ms] [ERROR] WebSocket connection to 'ws://localhost:4200/' failed: Error in connection establishment: net::ERR_CONNECTION_REFUSED @ http://localhost:4200/@vite/client:985
[ 2611627ms] [ERROR] WebSocket connection to 'ws://localhost:4200/' failed: Error in connection establishment: net::ERR_CONNECTION_REFUSED @ http://localhost:4200/@vite/client:985
[ 2615987ms] [ERROR] WebSocket connection to 'ws://localhost:4200/' failed: Error in connection establishment: net::ERR_CONNECTION_REFUSED @ http://localhost:4200/@vite/client:985
[ 2621312ms] [ERROR] WebSocket connection to 'ws://localhost:4200/' failed: Error in connection establishment: net::ERR_CONNECTION_REFUSED @ http://localhost:4200/@vite/client:985
[ 2623569ms] [ERROR] WebSocket connection to 'ws://localhost:4200/' failed: Error in connection establishment: net::ERR_CONNECTION_REFUSED @ http://localhost:4200/@vite/client:985
[ 2629298ms] [ERROR] WebSocket connection to 'ws://localhost:4200/' failed: Error in connection establishment: net::ERR_CONNECTION_REFUSED @ http://localhost:4200/@vite/client:985
[ 2634759ms] [ERROR] WebSocket connection to 'ws://localhost:4200/' failed: Error in connection establishment: net::ERR_CONNECTION_REFUSED @ http://localhost:4200/@vite/client:985
[ 2638716ms] [ERROR] WebSocket connection to 'ws://localhost:4200/' failed: Error in connection establishment: net::ERR_CONNECTION_REFUSED @ http://localhost:4200/@vite/client:985
[ 2641690ms] [ERROR] WebSocket connection to 'ws://localhost:4200/' failed: Error in connection establishment: net::ERR_CONNECTION_REFUSED @ http://localhost:4200/@vite/client:985
[ 2644588ms] [ERROR] WebSocket connection to 'ws://localhost:4200/' failed: Error in connection establishment: net::ERR_CONNECTION_REFUSED @ http://localhost:4200/@vite/client:985
[ 2647455ms] [ERROR] WebSocket connection to 'ws://localhost:4200/' failed: Error in connection establishment: net::ERR_CONNECTION_REFUSED @ http://localhost:4200/@vite/client:985
[ 2651244ms] [ERROR] WebSocket connection to 'ws://localhost:4200/' failed: Error in connection establishment: net::ERR_CONNECTION_REFUSED @ http://localhost:4200/@vite/client:985
[ 2655954ms] [ERROR] WebSocket connection to 'ws://localhost:4200/' failed: Error in connection establishment: net::ERR_CONNECTION_REFUSED @ http://localhost:4200/@vite/client:985
[ 2660133ms] [ERROR] WebSocket connection to 'ws://localhost:4200/' failed: Error in connection establishment: net::ERR_CONNECTION_REFUSED @ http://localhost:4200/@vite/client:985
[ 2664285ms] [ERROR] WebSocket connection to 'ws://localhost:4200/' failed: Error in connection establishment: net::ERR_CONNECTION_REFUSED @ http://localhost:4200/@vite/client:985
[ 2670075ms] [ERROR] WebSocket connection to 'ws://localhost:4200/' failed: Error in connection establishment: net::ERR_CONNECTION_REFUSED @ http://localhost:4200/@vite/client:985
[ 2675177ms] [ERROR] WebSocket connection to 'ws://localhost:4200/' failed: Error in connection establishment: net::ERR_CONNECTION_REFUSED @ http://localhost:4200/@vite/client:985
[ 2678977ms] [ERROR] WebSocket connection to 'ws://localhost:4200/' failed: Error in connection establishment: net::ERR_CONNECTION_REFUSED @ http://localhost:4200/@vite/client:985
[ 2681619ms] [ERROR] WebSocket connection to 'ws://localhost:4200/' failed: Error in connection establishment: net::ERR_CONNECTION_REFUSED @ http://localhost:4200/@vite/client:985
[ 2687008ms] [ERROR] WebSocket connection to 'ws://localhost:4200/' failed: Error in connection establishment: net::ERR_CONNECTION_REFUSED @ http://localhost:4200/@vite/client:985
[ 2690586ms] [ERROR] WebSocket connection to 'ws://localhost:4200/' failed: Error in connection establishment: net::ERR_CONNECTION_REFUSED @ http://localhost:4200/@vite/client:985
[ 2694766ms] [ERROR] WebSocket connection to 'ws://localhost:4200/' failed: Error in connection establishment: net::ERR_CONNECTION_REFUSED @ http://localhost:4200/@vite/client:985
[ 2698685ms] [ERROR] WebSocket connection to 'ws://localhost:4200/' failed: Error in connection establishment: net::ERR_CONNECTION_REFUSED @ http://localhost:4200/@vite/client:985
[ 2702141ms] [ERROR] WebSocket connection to 'ws://localhost:4200/' failed: Error in connection establishment: net::ERR_CONNECTION_REFUSED @ http://localhost:4200/@vite/client:985
[ 2707887ms] [ERROR] WebSocket connection to 'ws://localhost:4200/' failed: Error in connection establishment: net::ERR_CONNECTION_REFUSED @ http://localhost:4200/@vite/client:985
[ 2712804ms] [ERROR] WebSocket connection to 'ws://localhost:4200/' failed: Error in connection establishment: net::ERR_CONNECTION_REFUSED @ http://localhost:4200/@vite/client:985
[ 2716595ms] [ERROR] WebSocket connection to 'ws://localhost:4200/' failed: Error in connection establishment: net::ERR_CONNECTION_REFUSED @ http://localhost:4200/@vite/client:985
[ 2722410ms] [ERROR] WebSocket connection to 'ws://localhost:4200/' failed: Error in connection establishment: net::ERR_CONNECTION_REFUSED @ http://localhost:4200/@vite/client:985
[ 2724572ms] [ERROR] WebSocket connection to 'ws://localhost:4200/' failed: Error in connection establishment: net::ERR_CONNECTION_REFUSED @ http://localhost:4200/@vite/client:985
[ 2727459ms] [ERROR] WebSocket connection to 'ws://localhost:4200/' failed: Error in connection establishment: net::ERR_CONNECTION_REFUSED @ http://localhost:4200/@vite/client:985
[ 2731136ms] [ERROR] WebSocket connection to 'ws://localhost:4200/' failed: Error in connection establishment: net::ERR_CONNECTION_REFUSED @ http://localhost:4200/@vite/client:985
[ 2736552ms] [ERROR] WebSocket connection to 'ws://localhost:4200/' failed: Error in connection establishment: net::ERR_CONNECTION_REFUSED @ http://localhost:4200/@vite/client:985
[ 2739606ms] [ERROR] WebSocket connection to 'ws://localhost:4200/' failed: Error in connection establishment: net::ERR_CONNECTION_REFUSED @ http://localhost:4200/@vite/client:985
[ 2742177ms] [ERROR] WebSocket connection to 'ws://localhost:4200/' failed: Error in connection establishment: net::ERR_CONNECTION_REFUSED @ http://localhost:4200/@vite/client:985
[ 2746957ms] [ERROR] WebSocket connection to 'ws://localhost:4200/' failed: Error in connection establishment: net::ERR_CONNECTION_REFUSED @ http://localhost:4200/@vite/client:985
[ 2750023ms] [ERROR] WebSocket connection to 'ws://localhost:4200/' failed: Error in connection establishment: net::ERR_CONNECTION_REFUSED @ http://localhost:4200/@vite/client:985
[ 2753968ms] [ERROR] WebSocket connection to 'ws://localhost:4200/' failed: Error in connection establishment: net::ERR_CONNECTION_REFUSED @ http://localhost:4200/@vite/client:985
[ 2757557ms] [ERROR] WebSocket connection to 'ws://localhost:4200/' failed: Error in connection establishment: net::ERR_CONNECTION_REFUSED @ http://localhost:4200/@vite/client:985
[ 2760427ms] [ERROR] WebSocket connection to 'ws://localhost:4200/' failed: Error in connection establishment: net::ERR_CONNECTION_REFUSED @ http://localhost:4200/@vite/client:985
[ 2764583ms] [ERROR] WebSocket connection to 'ws://localhost:4200/' failed: Error in connection establishment: net::ERR_CONNECTION_REFUSED @ http://localhost:4200/@vite/client:985
[ 2770224ms] [ERROR] WebSocket connection to 'ws://localhost:4200/' failed: Error in connection establishment: net::ERR_CONNECTION_REFUSED @ http://localhost:4200/@vite/client:985
[ 2772539ms] [ERROR] WebSocket connection to 'ws://localhost:4200/' failed: Error in connection establishment: net::ERR_CONNECTION_REFUSED @ http://localhost:4200/@vite/client:985
[ 2776883ms] [ERROR] WebSocket connection to 'ws://localhost:4200/' failed: Error in connection establishment: net::ERR_CONNECTION_REFUSED @ http://localhost:4200/@vite/client:985
[ 2780540ms] [ERROR] WebSocket connection to 'ws://localhost:4200/' failed: Error in connection establishment: net::ERR_CONNECTION_REFUSED @ http://localhost:4200/@vite/client:985
[ 2784126ms] [ERROR] WebSocket connection to 'ws://localhost:4200/' failed: Error in connection establishment: net::ERR_CONNECTION_REFUSED @ http://localhost:4200/@vite/client:985
[ 2788140ms] [ERROR] WebSocket connection to 'ws://localhost:4200/' failed: Error in connection establishment: net::ERR_CONNECTION_REFUSED @ http://localhost:4200/@vite/client:985
[ 2792001ms] [ERROR] WebSocket connection to 'ws://localhost:4200/' failed: Error in connection establishment: net::ERR_CONNECTION_REFUSED @ http://localhost:4200/@vite/client:985
[ 2795363ms] [ERROR] WebSocket connection to 'ws://localhost:4200/' failed: Error in connection establishment: net::ERR_CONNECTION_REFUSED @ http://localhost:4200/@vite/client:985
[ 2800128ms] [ERROR] WebSocket connection to 'ws://localhost:4200/' failed: Error in connection establishment: net::ERR_CONNECTION_REFUSED @ http://localhost:4200/@vite/client:985
[ 2804729ms] [ERROR] WebSocket connection to 'ws://localhost:4200/' failed: Error in connection establishment: net::ERR_CONNECTION_REFUSED @ http://localhost:4200/@vite/client:985
[ 2809662ms] [ERROR] WebSocket connection to 'ws://localhost:4200/' failed: Error in connection establishment: net::ERR_CONNECTION_REFUSED @ http://localhost:4200/@vite/client:985
[ 2814003ms] [ERROR] WebSocket connection to 'ws://localhost:4200/' failed: Error in connection establishment: net::ERR_CONNECTION_REFUSED @ http://localhost:4200/@vite/client:985
[ 2818885ms] [ERROR] WebSocket connection to 'ws://localhost:4200/' failed: Error in connection establishment: net::ERR_CONNECTION_REFUSED @ http://localhost:4200/@vite/client:985
[ 2823844ms] [ERROR] WebSocket connection to 'ws://localhost:4200/' failed: Error in connection establishment: net::ERR_CONNECTION_REFUSED @ http://localhost:4200/@vite/client:985
[ 2828352ms] [ERROR] WebSocket connection to 'ws://localhost:4200/' failed: Error in connection establishment: net::ERR_CONNECTION_REFUSED @ http://localhost:4200/@vite/client:985
[ 2832911ms] [ERROR] WebSocket connection to 'ws://localhost:4200/' failed: Error in connection establishment: net::ERR_CONNECTION_REFUSED @ http://localhost:4200/@vite/client:985
[ 2837939ms] [ERROR] WebSocket connection to 'ws://localhost:4200/' failed: Error in connection establishment: net::ERR_CONNECTION_REFUSED @ http://localhost:4200/@vite/client:985
[ 2843670ms] [ERROR] WebSocket connection to 'ws://localhost:4200/' failed: Error in connection establishment: net::ERR_CONNECTION_REFUSED @ http://localhost:4200/@vite/client:985
[ 2848384ms] [ERROR] WebSocket connection to 'ws://localhost:4200/' failed: Error in connection establishment: net::ERR_CONNECTION_REFUSED @ http://localhost:4200/@vite/client:985
[ 2854324ms] [ERROR] WebSocket connection to 'ws://localhost:4200/' failed: Error in connection establishment: net::ERR_CONNECTION_REFUSED @ http://localhost:4200/@vite/client:985
[ 2856909ms] [ERROR] WebSocket connection to 'ws://localhost:4200/' failed: Error in connection establishment: net::ERR_CONNECTION_REFUSED @ http://localhost:4200/@vite/client:985
[ 2860891ms] [ERROR] WebSocket connection to 'ws://localhost:4200/' failed: Error in connection establishment: net::ERR_CONNECTION_REFUSED @ http://localhost:4200/@vite/client:985
[ 2864564ms] [ERROR] WebSocket connection to 'ws://localhost:4200/' failed: Error in connection establishment: net::ERR_CONNECTION_REFUSED @ http://localhost:4200/@vite/client:985
[ 2869301ms] [ERROR] WebSocket connection to 'ws://localhost:4200/' failed: Error in connection establishment: net::ERR_CONNECTION_REFUSED @ http://localhost:4200/@vite/client:985
[ 2872528ms] [ERROR] WebSocket connection to 'ws://localhost:4200/' failed: Error in connection establishment: net::ERR_CONNECTION_REFUSED @ http://localhost:4200/@vite/client:985
[ 2876548ms] [ERROR] WebSocket connection to 'ws://localhost:4200/' failed: Error in connection establishment: net::ERR_CONNECTION_REFUSED @ http://localhost:4200/@vite/client:985
[ 2882387ms] [ERROR] WebSocket connection to 'ws://localhost:4200/' failed: Error in connection establishment: net::ERR_CONNECTION_REFUSED @ http://localhost:4200/@vite/client:985
[ 2886550ms] [ERROR] WebSocket connection to 'ws://localhost:4200/' failed: Error in connection establishment: net::ERR_CONNECTION_REFUSED @ http://localhost:4200/@vite/client:985
[ 2889396ms] [ERROR] WebSocket connection to 'ws://localhost:4200/' failed: Error in connection establishment: net::ERR_CONNECTION_REFUSED @ http://localhost:4200/@vite/client:985
[ 2891722ms] [ERROR] WebSocket connection to 'ws://localhost:4200/' failed: Error in connection establishment: net::ERR_CONNECTION_REFUSED @ http://localhost:4200/@vite/client:985
[ 2896668ms] [ERROR] WebSocket connection to 'ws://localhost:4200/' failed: Error in connection establishment: net::ERR_CONNECTION_REFUSED @ http://localhost:4200/@vite/client:985
[ 2898689ms] [ERROR] WebSocket connection to 'ws://localhost:4200/' failed: Error in connection establishment: net::ERR_CONNECTION_REFUSED @ http://localhost:4200/@vite/client:985
[ 2901340ms] [ERROR] WebSocket connection to 'ws://localhost:4200/' failed: Error in connection establishment: net::ERR_CONNECTION_REFUSED @ http://localhost:4200/@vite/client:985
[ 2903413ms] [ERROR] WebSocket connection to 'ws://localhost:4200/' failed: Error in connection establishment: net::ERR_CONNECTION_REFUSED @ http://localhost:4200/@vite/client:985
[ 2909252ms] [ERROR] WebSocket connection to 'ws://localhost:4200/' failed: Error in connection establishment: net::ERR_CONNECTION_REFUSED @ http://localhost:4200/@vite/client:985
[ 2912839ms] [ERROR] WebSocket connection to 'ws://localhost:4200/' failed: Error in connection establishment: net::ERR_CONNECTION_REFUSED @ http://localhost:4200/@vite/client:985
[ 2918666ms] [ERROR] WebSocket connection to 'ws://localhost:4200/' failed: Error in connection establishment: net::ERR_CONNECTION_REFUSED @ http://localhost:4200/@vite/client:985
[ 2922238ms] [ERROR] WebSocket connection to 'ws://localhost:4200/' failed: Error in connection establishment: net::ERR_CONNECTION_REFUSED @ http://localhost:4200/@vite/client:985
[ 2925083ms] [ERROR] WebSocket connection to 'ws://localhost:4200/' failed: Error in connection establishment: net::ERR_CONNECTION_REFUSED @ http://localhost:4200/@vite/client:985
[ 2929050ms] [ERROR] WebSocket connection to 'ws://localhost:4200/' failed: Error in connection establishment: net::ERR_CONNECTION_REFUSED @ http://localhost:4200/@vite/client:985
[ 2933233ms] [ERROR] WebSocket connection to 'ws://localhost:4200/' failed: Error in connection establishment: net::ERR_CONNECTION_REFUSED @ http://localhost:4200/@vite/client:985
[ 2939187ms] [ERROR] WebSocket connection to 'ws://localhost:4200/' failed: Error in connection establishment: net::ERR_CONNECTION_REFUSED @ http://localhost:4200/@vite/client:985
[ 2943613ms] [ERROR] WebSocket connection to 'ws://localhost:4200/' failed: Error in connection establishment: net::ERR_CONNECTION_REFUSED @ http://localhost:4200/@vite/client:985
[ 2946313ms] [ERROR] WebSocket connection to 'ws://localhost:4200/' failed: Error in connection establishment: net::ERR_CONNECTION_REFUSED @ http://localhost:4200/@vite/client:985
[ 2951075ms] [ERROR] WebSocket connection to 'ws://localhost:4200/' failed: Error in connection establishment: net::ERR_CONNECTION_REFUSED @ http://localhost:4200/@vite/client:985
[ 2956383ms] [ERROR] WebSocket connection to 'ws://localhost:4200/' failed: Error in connection establishment: net::ERR_CONNECTION_REFUSED @ http://localhost:4200/@vite/client:985
[ 2959953ms] [ERROR] WebSocket connection to 'ws://localhost:4200/' failed: Error in connection establishment: net::ERR_CONNECTION_REFUSED @ http://localhost:4200/@vite/client:985
[ 2963142ms] [ERROR] WebSocket connection to 'ws://localhost:4200/' failed: Error in connection establishment: net::ERR_CONNECTION_REFUSED @ http://localhost:4200/@vite/client:985
[ 2965702ms] [ERROR] WebSocket connection to 'ws://localhost:4200/' failed: Error in connection establishment: net::ERR_CONNECTION_REFUSED @ http://localhost:4200/@vite/client:985
[ 2968759ms] [ERROR] WebSocket connection to 'ws://localhost:4200/' failed: Error in connection establishment: net::ERR_CONNECTION_REFUSED @ http://localhost:4200/@vite/client:985
[ 2971667ms] [ERROR] WebSocket connection to 'ws://localhost:4200/' failed: Error in connection establishment: net::ERR_CONNECTION_REFUSED @ http://localhost:4200/@vite/client:985
[ 2975463ms] [ERROR] WebSocket connection to 'ws://localhost:4200/' failed: Error in connection establishment: net::ERR_CONNECTION_REFUSED @ http://localhost:4200/@vite/client:985
[ 2980925ms] [ERROR] WebSocket connection to 'ws://localhost:4200/' failed: Error in connection establishment: net::ERR_CONNECTION_REFUSED @ http://localhost:4200/@vite/client:985
[ 2985420ms] [ERROR] WebSocket connection to 'ws://localhost:4200/' failed: Error in connection establishment: net::ERR_CONNECTION_REFUSED @ http://localhost:4200/@vite/client:985
[ 2987581ms] [ERROR] WebSocket connection to 'ws://localhost:4200/' failed: Error in connection establishment: net::ERR_CONNECTION_REFUSED @ http://localhost:4200/@vite/client:985
[ 2992606ms] [ERROR] WebSocket connection to 'ws://localhost:4200/' failed: Error in connection establishment: net::ERR_CONNECTION_REFUSED @ http://localhost:4200/@vite/client:985
[ 2997822ms] [ERROR] WebSocket connection to 'ws://localhost:4200/' failed: Error in connection establishment: net::ERR_CONNECTION_REFUSED @ http://localhost:4200/@vite/client:985
[ 3002931ms] [ERROR] WebSocket connection to 'ws://localhost:4200/' failed: Error in connection establishment: net::ERR_CONNECTION_REFUSED @ http://localhost:4200/@vite/client:985
[ 3008773ms] [ERROR] WebSocket connection to 'ws://localhost:4200/' failed: Error in connection establishment: net::ERR_CONNECTION_REFUSED @ http://localhost:4200/@vite/client:985
[ 3011340ms] [ERROR] WebSocket connection to 'ws://localhost:4200/' failed: Error in connection establishment: net::ERR_CONNECTION_REFUSED @ http://localhost:4200/@vite/client:985
[ 3016262ms] [ERROR] WebSocket connection to 'ws://localhost:4200/' failed: Error in connection establishment: net::ERR_CONNECTION_REFUSED @ http://localhost:4200/@vite/client:985
[ 3021591ms] [ERROR] WebSocket connection to 'ws://localhost:4200/' failed: Error in connection establishment: net::ERR_CONNECTION_REFUSED @ http://localhost:4200/@vite/client:985
[ 3026978ms] [ERROR] WebSocket connection to 'ws://localhost:4200/' failed: Error in connection establishment: net::ERR_CONNECTION_REFUSED @ http://localhost:4200/@vite/client:985
[ 3029783ms] [ERROR] WebSocket connection to 'ws://localhost:4200/' failed: Error in connection establishment: net::ERR_CONNECTION_REFUSED @ http://localhost:4200/@vite/client:985
[ 3033987ms] [ERROR] WebSocket connection to 'ws://localhost:4200/' failed: Error in connection establishment: net::ERR_CONNECTION_REFUSED @ http://localhost:4200/@vite/client:985
[ 3038554ms] [ERROR] WebSocket connection to 'ws://localhost:4200/' failed: Error in connection establishment: net::ERR_CONNECTION_REFUSED @ http://localhost:4200/@vite/client:985
[ 3040651ms] [ERROR] WebSocket connection to 'ws://localhost:4200/' failed: Error in connection establishment: net::ERR_CONNECTION_REFUSED @ http://localhost:4200/@vite/client:985
[ 3044793ms] [ERROR] WebSocket connection to 'ws://localhost:4200/' failed: Error in connection establishment: net::ERR_CONNECTION_REFUSED @ http://localhost:4200/@vite/client:985
[ 3046818ms] [ERROR] WebSocket connection to 'ws://localhost:4200/' failed: Error in connection establishment: net::ERR_CONNECTION_REFUSED @ http://localhost:4200/@vite/client:985
[ 3048950ms] [ERROR] WebSocket connection to 'ws://localhost:4200/' failed: Error in connection establishment: net::ERR_CONNECTION_REFUSED @ http://localhost:4200/@vite/client:985
[ 3054132ms] [ERROR] WebSocket connection to 'ws://localhost:4200/' failed: Error in connection establishment: net::ERR_CONNECTION_REFUSED @ http://localhost:4200/@vite/client:985
[ 3057309ms] [ERROR] WebSocket connection to 'ws://localhost:4200/' failed: Error in connection establishment: net::ERR_CONNECTION_REFUSED @ http://localhost:4200/@vite/client:985
[ 3062814ms] [ERROR] WebSocket connection to 'ws://localhost:4200/' failed: Error in connection establishment: net::ERR_CONNECTION_REFUSED @ http://localhost:4200/@vite/client:985
[ 3068123ms] [ERROR] WebSocket connection to 'ws://localhost:4200/' failed: Error in connection establishment: net::ERR_CONNECTION_REFUSED @ http://localhost:4200/@vite/client:985
[ 3073812ms] [ERROR] WebSocket connection to 'ws://localhost:4200/' failed: Error in connection establishment: net::ERR_CONNECTION_REFUSED @ http://localhost:4200/@vite/client:985
[ 3079684ms] [ERROR] WebSocket connection to 'ws://localhost:4200/' failed: Error in connection establishment: net::ERR_CONNECTION_REFUSED @ http://localhost:4200/@vite/client:985
[ 3083078ms] [ERROR] WebSocket connection to 'ws://localhost:4200/' failed: Error in connection establishment: net::ERR_CONNECTION_REFUSED @ http://localhost:4200/@vite/client:985
[ 3086282ms] [ERROR] WebSocket connection to 'ws://localhost:4200/' failed: Error in connection establishment: net::ERR_CONNECTION_REFUSED @ http://localhost:4200/@vite/client:985
[ 3089018ms] [ERROR] WebSocket connection to 'ws://localhost:4200/' failed: Error in connection establishment: net::ERR_CONNECTION_REFUSED @ http://localhost:4200/@vite/client:985
[ 3091245ms] [ERROR] WebSocket connection to 'ws://localhost:4200/' failed: Error in connection establishment: net::ERR_CONNECTION_REFUSED @ http://localhost:4200/@vite/client:985
[ 3095126ms] [ERROR] WebSocket connection to 'ws://localhost:4200/' failed: Error in connection establishment: net::ERR_CONNECTION_REFUSED @ http://localhost:4200/@vite/client:985
[ 3101087ms] [ERROR] WebSocket connection to 'ws://localhost:4200/' failed: Error in connection establishment: net::ERR_CONNECTION_REFUSED @ http://localhost:4200/@vite/client:985
[ 3106306ms] [ERROR] WebSocket connection to 'ws://localhost:4200/' failed: Error in connection establishment: net::ERR_CONNECTION_REFUSED @ http://localhost:4200/@vite/client:985
[ 3111983ms] [ERROR] WebSocket connection to 'ws://localhost:4200/' failed: Error in connection establishment: net::ERR_CONNECTION_REFUSED @ http://localhost:4200/@vite/client:985
[ 3115321ms] [ERROR] WebSocket connection to 'ws://localhost:4200/' failed: Error in connection establishment: net::ERR_CONNECTION_REFUSED @ http://localhost:4200/@vite/client:985
[ 3120177ms] [ERROR] WebSocket connection to 'ws://localhost:4200/' failed: Error in connection establishment: net::ERR_CONNECTION_REFUSED @ http://localhost:4200/@vite/client:985
[ 3122674ms] [ERROR] WebSocket connection to 'ws://localhost:4200/' failed: Error in connection establishment: net::ERR_CONNECTION_REFUSED @ http://localhost:4200/@vite/client:985
[ 3124876ms] [ERROR] WebSocket connection to 'ws://localhost:4200/' failed: Error in connection establishment: net::ERR_CONNECTION_REFUSED @ http://localhost:4200/@vite/client:985
[ 3128428ms] [ERROR] WebSocket connection to 'ws://localhost:4200/' failed: Error in connection establishment: net::ERR_CONNECTION_REFUSED @ http://localhost:4200/@vite/client:985
[ 3132727ms] [ERROR] WebSocket connection to 'ws://localhost:4200/' failed: Error in connection establishment: net::ERR_CONNECTION_REFUSED @ http://localhost:4200/@vite/client:985
[ 3135052ms] [ERROR] WebSocket connection to 'ws://localhost:4200/' failed: Error in connection establishment: net::ERR_CONNECTION_REFUSED @ http://localhost:4200/@vite/client:985
[ 3137464ms] [ERROR] WebSocket connection to 'ws://localhost:4200/' failed: Error in connection establishment: net::ERR_CONNECTION_REFUSED @ http://localhost:4200/@vite/client:985
[ 3142448ms] [ERROR] WebSocket connection to 'ws://localhost:4200/' failed: Error in connection establishment: net::ERR_CONNECTION_REFUSED @ http://localhost:4200/@vite/client:985
[ 3146836ms] [ERROR] WebSocket connection to 'ws://localhost:4200/' failed: Error in connection establishment: net::ERR_CONNECTION_REFUSED @ http://localhost:4200/@vite/client:985
[ 3162588ms] [ERROR] WebSocket connection to 'ws://localhost:4200/' failed: Error in connection establishment: net::ERR_CONNECTION_REFUSED @ http://localhost:4200/@vite/client:985
[ 3167461ms] [ERROR] WebSocket connection to 'ws://localhost:4200/' failed: Error in connection establishment: net::ERR_CONNECTION_REFUSED @ http://localhost:4200/@vite/client:985
[ 3169810ms] [ERROR] WebSocket connection to 'ws://localhost:4200/' failed: Error in connection establishment: net::ERR_CONNECTION_REFUSED @ http://localhost:4200/@vite/client:985
[ 3174341ms] [ERROR] WebSocket connection to 'ws://localhost:4200/' failed: Error in connection establishment: net::ERR_CONNECTION_REFUSED @ http://localhost:4200/@vite/client:985
[ 3176959ms] [ERROR] WebSocket connection to 'ws://localhost:4200/' failed: Error in connection establishment: net::ERR_CONNECTION_REFUSED @ http://localhost:4200/@vite/client:985
[ 3181234ms] [ERROR] WebSocket connection to 'ws://localhost:4200/' failed: Error in connection establishment: net::ERR_CONNECTION_REFUSED @ http://localhost:4200/@vite/client:985
[ 3185960ms] [ERROR] WebSocket connection to 'ws://localhost:4200/' failed: Error in connection establishment: net::ERR_CONNECTION_REFUSED @ http://localhost:4200/@vite/client:985
[ 3189586ms] [ERROR] WebSocket connection to 'ws://localhost:4200/' failed: Error in connection establishment: net::ERR_CONNECTION_REFUSED @ http://localhost:4200/@vite/client:985
[ 3192559ms] [ERROR] WebSocket connection to 'ws://localhost:4200/' failed: Error in connection establishment: net::ERR_CONNECTION_REFUSED @ http://localhost:4200/@vite/client:985
[ 3195419ms] [ERROR] WebSocket connection to 'ws://localhost:4200/' failed: Error in connection establishment: net::ERR_CONNECTION_REFUSED @ http://localhost:4200/@vite/client:985
[ 3198744ms] [ERROR] WebSocket connection to 'ws://localhost:4200/' failed: Error in connection establishment: net::ERR_CONNECTION_REFUSED @ http://localhost:4200/@vite/client:985
[ 3203204ms] [ERROR] WebSocket connection to 'ws://localhost:4200/' failed: Error in connection establishment: net::ERR_CONNECTION_REFUSED @ http://localhost:4200/@vite/client:985
[ 3205889ms] [ERROR] WebSocket connection to 'ws://localhost:4200/' failed: Error in connection establishment: net::ERR_CONNECTION_REFUSED @ http://localhost:4200/@vite/client:985
[ 3209942ms] [ERROR] WebSocket connection to 'ws://localhost:4200/' failed: Error in connection establishment: net::ERR_CONNECTION_REFUSED @ http://localhost:4200/@vite/client:985
[ 3212589ms] [ERROR] WebSocket connection to 'ws://localhost:4200/' failed: Error in connection establishment: net::ERR_CONNECTION_REFUSED @ http://localhost:4200/@vite/client:985
[ 3217425ms] [ERROR] WebSocket connection to 'ws://localhost:4200/' failed: Error in connection establishment: net::ERR_CONNECTION_REFUSED @ http://localhost:4200/@vite/client:985
[ 3220318ms] [ERROR] WebSocket connection to 'ws://localhost:4200/' failed: Error in connection establishment: net::ERR_CONNECTION_REFUSED @ http://localhost:4200/@vite/client:985
[ 3223802ms] [ERROR] WebSocket connection to 'ws://localhost:4200/' failed: Error in connection establishment: net::ERR_CONNECTION_REFUSED @ http://localhost:4200/@vite/client:985
[ 3229265ms] [ERROR] WebSocket connection to 'ws://localhost:4200/' failed: Error in connection establishment: net::ERR_CONNECTION_REFUSED @ http://localhost:4200/@vite/client:985
[ 3233510ms] [ERROR] WebSocket connection to 'ws://localhost:4200/' failed: Error in connection establishment: net::ERR_CONNECTION_REFUSED @ http://localhost:4200/@vite/client:985
[ 3238238ms] [ERROR] WebSocket connection to 'ws://localhost:4200/' failed: Error in connection establishment: net::ERR_CONNECTION_REFUSED @ http://localhost:4200/@vite/client:985
[ 3242643ms] [ERROR] WebSocket connection to 'ws://localhost:4200/' failed: Error in connection establishment: net::ERR_CONNECTION_REFUSED @ http://localhost:4200/@vite/client:985
[ 3247479ms] [ERROR] WebSocket connection to 'ws://localhost:4200/' failed: Error in connection establishment: net::ERR_CONNECTION_REFUSED @ http://localhost:4200/@vite/client:985
[ 3252886ms] [ERROR] WebSocket connection to 'ws://localhost:4200/' failed: Error in connection establishment: net::ERR_CONNECTION_REFUSED @ http://localhost:4200/@vite/client:985
[ 3258718ms] [ERROR] WebSocket connection to 'ws://localhost:4200/' failed: Error in connection establishment: net::ERR_CONNECTION_REFUSED @ http://localhost:4200/@vite/client:985
[ 3263802ms] [ERROR] WebSocket connection to 'ws://localhost:4200/' failed: Error in connection establishment: net::ERR_CONNECTION_REFUSED @ http://localhost:4200/@vite/client:985
[ 3266385ms] [ERROR] WebSocket connection to 'ws://localhost:4200/' failed: Error in connection establishment: net::ERR_CONNECTION_REFUSED @ http://localhost:4200/@vite/client:985
[ 3272058ms] [ERROR] WebSocket connection to 'ws://localhost:4200/' failed: Error in connection establishment: net::ERR_CONNECTION_REFUSED @ http://localhost:4200/@vite/client:985
[ 3276600ms] [ERROR] WebSocket connection to 'ws://localhost:4200/' failed: Error in connection establishment: net::ERR_CONNECTION_REFUSED @ http://localhost:4200/@vite/client:985
[ 3281207ms] [ERROR] WebSocket connection to 'ws://localhost:4200/' failed: Error in connection establishment: net::ERR_CONNECTION_REFUSED @ http://localhost:4200/@vite/client:985
[ 3285988ms] [ERROR] WebSocket connection to 'ws://localhost:4200/' failed: Error in connection establishment: net::ERR_CONNECTION_REFUSED @ http://localhost:4200/@vite/client:985
[ 3289548ms] [ERROR] WebSocket connection to 'ws://localhost:4200/' failed: Error in connection establishment: net::ERR_CONNECTION_REFUSED @ http://localhost:4200/@vite/client:985
[ 3293084ms] [ERROR] WebSocket connection to 'ws://localhost:4200/' failed: Error in connection establishment: net::ERR_CONNECTION_REFUSED @ http://localhost:4200/@vite/client:985
[ 3296984ms] [ERROR] WebSocket connection to 'ws://localhost:4200/' failed: Error in connection establishment: net::ERR_CONNECTION_REFUSED @ http://localhost:4200/@vite/client:985
[ 3301576ms] [ERROR] WebSocket connection to 'ws://localhost:4200/' failed: Error in connection establishment: net::ERR_CONNECTION_REFUSED @ http://localhost:4200/@vite/client:985
[ 3306166ms] [ERROR] WebSocket connection to 'ws://localhost:4200/' failed: Error in connection establishment: net::ERR_CONNECTION_REFUSED @ http://localhost:4200/@vite/client:985
[ 3308843ms] [ERROR] WebSocket connection to 'ws://localhost:4200/' failed: Error in connection establishment: net::ERR_CONNECTION_REFUSED @ http://localhost:4200/@vite/client:985
[ 3311450ms] [ERROR] WebSocket connection to 'ws://localhost:4200/' failed: Error in connection establishment: net::ERR_CONNECTION_REFUSED @ http://localhost:4200/@vite/client:985
[ 3316770ms] [ERROR] WebSocket connection to 'ws://localhost:4200/' failed: Error in connection establishment: net::ERR_CONNECTION_REFUSED @ http://localhost:4200/@vite/client:985
[ 3322096ms] [ERROR] WebSocket connection to 'ws://localhost:4200/' failed: Error in connection establishment: net::ERR_CONNECTION_REFUSED @ http://localhost:4200/@vite/client:985
[ 3324202ms] [ERROR] WebSocket connection to 'ws://localhost:4200/' failed: Error in connection establishment: net::ERR_CONNECTION_REFUSED @ http://localhost:4200/@vite/client:985
[ 3328826ms] [ERROR] WebSocket connection to 'ws://localhost:4200/' failed: Error in connection establishment: net::ERR_CONNECTION_REFUSED @ http://localhost:4200/@vite/client:985
[ 3331534ms] [ERROR] WebSocket connection to 'ws://localhost:4200/' failed: Error in connection establishment: net::ERR_CONNECTION_REFUSED @ http://localhost:4200/@vite/client:985
[ 3336507ms] [ERROR] WebSocket connection to 'ws://localhost:4200/' failed: Error in connection establishment: net::ERR_CONNECTION_REFUSED @ http://localhost:4200/@vite/client:985
[ 3339780ms] [ERROR] WebSocket connection to 'ws://localhost:4200/' failed: Error in connection establishment: net::ERR_CONNECTION_REFUSED @ http://localhost:4200/@vite/client:985
[ 3344422ms] [ERROR] WebSocket connection to 'ws://localhost:4200/' failed: Error in connection establishment: net::ERR_CONNECTION_REFUSED @ http://localhost:4200/@vite/client:985
[ 3349792ms] [ERROR] WebSocket connection to 'ws://localhost:4200/' failed: Error in connection establishment: net::ERR_CONNECTION_REFUSED @ http://localhost:4200/@vite/client:985
[ 3355751ms] [ERROR] WebSocket connection to 'ws://localhost:4200/' failed: Error in connection establishment: net::ERR_CONNECTION_REFUSED @ http://localhost:4200/@vite/client:985
[ 3360980ms] [ERROR] WebSocket connection to 'ws://localhost:4200/' failed: Error in connection establishment: net::ERR_CONNECTION_REFUSED @ http://localhost:4200/@vite/client:985
[ 3365304ms] [ERROR] WebSocket connection to 'ws://localhost:4200/' failed: Error in connection establishment: net::ERR_CONNECTION_REFUSED @ http://localhost:4200/@vite/client:985
[ 3369755ms] [ERROR] WebSocket connection to 'ws://localhost:4200/' failed: Error in connection establishment: net::ERR_CONNECTION_REFUSED @ http://localhost:4200/@vite/client:985
[ 3373465ms] [ERROR] WebSocket connection to 'ws://localhost:4200/' failed: Error in connection establishment: net::ERR_CONNECTION_REFUSED @ http://localhost:4200/@vite/client:985
[ 3378077ms] [ERROR] WebSocket connection to 'ws://localhost:4200/' failed: Error in connection establishment: net::ERR_CONNECTION_REFUSED @ http://localhost:4200/@vite/client:985
[ 3385154ms] [ERROR] WebSocket connection to 'ws://localhost:4200/' failed: Error in connection establishment: net::ERR_CONNECTION_REFUSED @ http://localhost:4200/@vite/client:985
[ 3390474ms] [ERROR] WebSocket connection to 'ws://localhost:4200/' failed: Error in connection establishment: net::ERR_CONNECTION_REFUSED @ http://localhost:4200/@vite/client:985
[ 3393728ms] [ERROR] WebSocket connection to 'ws://localhost:4200/' failed: Error in connection establishment: net::ERR_CONNECTION_REFUSED @ http://localhost:4200/@vite/client:985
[ 3396493ms] [ERROR] WebSocket connection to 'ws://localhost:4200/' failed: Error in connection establishment: net::ERR_CONNECTION_REFUSED @ http://localhost:4200/@vite/client:985
[ 3399855ms] [ERROR] WebSocket connection to 'ws://localhost:4200/' failed: Error in connection establishment: net::ERR_CONNECTION_REFUSED @ http://localhost:4200/@vite/client:985
[ 3404157ms] [ERROR] WebSocket connection to 'ws://localhost:4200/' failed: Error in connection establishment: net::ERR_CONNECTION_REFUSED @ http://localhost:4200/@vite/client:985
[ 3406512ms] [ERROR] WebSocket connection to 'ws://localhost:4200/' failed: Error in connection establishment: net::ERR_CONNECTION_REFUSED @ http://localhost:4200/@vite/client:985
[ 3408914ms] [ERROR] WebSocket connection to 'ws://localhost:4200/' failed: Error in connection establishment: net::ERR_CONNECTION_REFUSED @ http://localhost:4200/@vite/client:985
[ 3414194ms] [ERROR] WebSocket connection to 'ws://localhost:4200/' failed: Error in connection establishment: net::ERR_CONNECTION_REFUSED @ http://localhost:4200/@vite/client:985
[ 3417800ms] [ERROR] WebSocket connection to 'ws://localhost:4200/' failed: Error in connection establishment: net::ERR_CONNECTION_REFUSED @ http://localhost:4200/@vite/client:985
[ 3422726ms] [ERROR] WebSocket connection to 'ws://localhost:4200/' failed: Error in connection establishment: net::ERR_CONNECTION_REFUSED @ http://localhost:4200/@vite/client:985
[ 3427676ms] [ERROR] WebSocket connection to 'ws://localhost:4200/' failed: Error in connection establishment: net::ERR_CONNECTION_REFUSED @ http://localhost:4200/@vite/client:985
[ 3433351ms] [ERROR] WebSocket connection to 'ws://localhost:4200/' failed: Error in connection establishment: net::ERR_CONNECTION_REFUSED @ http://localhost:4200/@vite/client:985
[ 3437436ms] [ERROR] WebSocket connection to 'ws://localhost:4200/' failed: Error in connection establishment: net::ERR_CONNECTION_REFUSED @ http://localhost:4200/@vite/client:985
[ 3441286ms] [ERROR] WebSocket connection to 'ws://localhost:4200/' failed: Error in connection establishment: net::ERR_CONNECTION_REFUSED @ http://localhost:4200/@vite/client:985
[ 3443692ms] [ERROR] WebSocket connection to 'ws://localhost:4200/' failed: Error in connection establishment: net::ERR_CONNECTION_REFUSED @ http://localhost:4200/@vite/client:985
[ 3448291ms] [ERROR] WebSocket connection to 'ws://localhost:4200/' failed: Error in connection establishment: net::ERR_CONNECTION_REFUSED @ http://localhost:4200/@vite/client:985
[ 3454143ms] [ERROR] WebSocket connection to 'ws://localhost:4200/' failed: Error in connection establishment: net::ERR_CONNECTION_REFUSED @ http://localhost:4200/@vite/client:985
[ 3457793ms] [ERROR] WebSocket connection to 'ws://localhost:4200/' failed: Error in connection establishment: net::ERR_CONNECTION_REFUSED @ http://localhost:4200/@vite/client:985
[ 3460848ms] [ERROR] WebSocket connection to 'ws://localhost:4200/' failed: Error in connection establishment: net::ERR_CONNECTION_REFUSED @ http://localhost:4200/@vite/client:985
[ 3466574ms] [ERROR] WebSocket connection to 'ws://localhost:4200/' failed: Error in connection establishment: net::ERR_CONNECTION_REFUSED @ http://localhost:4200/@vite/client:985
[ 3468808ms] [ERROR] WebSocket connection to 'ws://localhost:4200/' failed: Error in connection establishment: net::ERR_CONNECTION_REFUSED @ http://localhost:4200/@vite/client:985
[ 3474473ms] [ERROR] WebSocket connection to 'ws://localhost:4200/' failed: Error in connection establishment: net::ERR_CONNECTION_REFUSED @ http://localhost:4200/@vite/client:985
[ 3476581ms] [ERROR] WebSocket connection to 'ws://localhost:4200/' failed: Error in connection establishment: net::ERR_CONNECTION_REFUSED @ http://localhost:4200/@vite/client:985
[ 3480586ms] [ERROR] WebSocket connection to 'ws://localhost:4200/' failed: Error in connection establishment: net::ERR_CONNECTION_REFUSED @ http://localhost:4200/@vite/client:985
[ 3483686ms] [ERROR] WebSocket connection to 'ws://localhost:4200/' failed: Error in connection establishment: net::ERR_CONNECTION_REFUSED @ http://localhost:4200/@vite/client:985
[ 3487267ms] [ERROR] WebSocket connection to 'ws://localhost:4200/' failed: Error in connection establishment: net::ERR_CONNECTION_REFUSED @ http://localhost:4200/@vite/client:985
[ 3492372ms] [ERROR] WebSocket connection to 'ws://localhost:4200/' failed: Error in connection establishment: net::ERR_CONNECTION_REFUSED @ http://localhost:4200/@vite/client:985
[ 3494842ms] [ERROR] WebSocket connection to 'ws://localhost:4200/' failed: Error in connection establishment: net::ERR_CONNECTION_REFUSED @ http://localhost:4200/@vite/client:985
[ 3498311ms] [ERROR] WebSocket connection to 'ws://localhost:4200/' failed: Error in connection establishment: net::ERR_CONNECTION_REFUSED @ http://localhost:4200/@vite/client:985
[ 3503870ms] [ERROR] WebSocket connection to 'ws://localhost:4200/' failed: Error in connection establishment: net::ERR_CONNECTION_REFUSED @ http://localhost:4200/@vite/client:985
[ 3508561ms] [ERROR] WebSocket connection to 'ws://localhost:4200/' failed: Error in connection establishment: net::ERR_CONNECTION_REFUSED @ http://localhost:4200/@vite/client:985
[ 3510711ms] [ERROR] WebSocket connection to 'ws://localhost:4200/' failed: Error in connection establishment: net::ERR_CONNECTION_REFUSED @ http://localhost:4200/@vite/client:985
[ 3516685ms] [ERROR] WebSocket connection to 'ws://localhost:4200/' failed: Error in connection establishment: net::ERR_CONNECTION_REFUSED @ http://localhost:4200/@vite/client:985
[ 3522054ms] [ERROR] WebSocket connection to 'ws://localhost:4200/' failed: Error in connection establishment: net::ERR_CONNECTION_REFUSED @ http://localhost:4200/@vite/client:985
[ 3531097ms] [ERROR] WebSocket connection to 'ws://localhost:4200/' failed: Error in connection establishment: net::ERR_CONNECTION_REFUSED @ http://localhost:4200/@vite/client:985
[ 3535995ms] [ERROR] WebSocket connection to 'ws://localhost:4200/' failed: Error in connection establishment: net::ERR_CONNECTION_REFUSED @ http://localhost:4200/@vite/client:985
[ 3541012ms] [ERROR] WebSocket connection to 'ws://localhost:4200/' failed: Error in connection establishment: net::ERR_CONNECTION_REFUSED @ http://localhost:4200/@vite/client:985
[ 3545777ms] [ERROR] WebSocket connection to 'ws://localhost:4200/' failed: Error in connection establishment: net::ERR_CONNECTION_REFUSED @ http://localhost:4200/@vite/client:985
[ 3549808ms] [ERROR] WebSocket connection to 'ws://localhost:4200/' failed: Error in connection establishment: net::ERR_CONNECTION_REFUSED @ http://localhost:4200/@vite/client:985
[ 3553073ms] [ERROR] WebSocket connection to 'ws://localhost:4200/' failed: Error in connection establishment: net::ERR_CONNECTION_REFUSED @ http://localhost:4200/@vite/client:985
[ 3556835ms] [ERROR] WebSocket connection to 'ws://localhost:4200/' failed: Error in connection establishment: net::ERR_CONNECTION_REFUSED @ http://localhost:4200/@vite/client:985
[ 3559770ms] [ERROR] WebSocket connection to 'ws://localhost:4200/' failed: Error in connection establishment: net::ERR_CONNECTION_REFUSED @ http://localhost:4200/@vite/client:985
[ 3564795ms] [ERROR] WebSocket connection to 'ws://localhost:4200/' failed: Error in connection establishment: net::ERR_CONNECTION_REFUSED @ http://localhost:4200/@vite/client:985
[ 3569022ms] [ERROR] WebSocket connection to 'ws://localhost:4200/' failed: Error in connection establishment: net::ERR_CONNECTION_REFUSED @ http://localhost:4200/@vite/client:985
[ 3573455ms] [ERROR] WebSocket connection to 'ws://localhost:4200/' failed: Error in connection establishment: net::ERR_CONNECTION_REFUSED @ http://localhost:4200/@vite/client:985
[ 3576831ms] [ERROR] WebSocket connection to 'ws://localhost:4200/' failed: Error in connection establishment: net::ERR_CONNECTION_REFUSED @ http://localhost:4200/@vite/client:985
[ 3580583ms] [ERROR] WebSocket connection to 'ws://localhost:4200/' failed: Error in connection establishment: net::ERR_CONNECTION_REFUSED @ http://localhost:4200/@vite/client:985
[ 3582599ms] [ERROR] WebSocket connection to 'ws://localhost:4200/' failed: Error in connection establishment: net::ERR_CONNECTION_REFUSED @ http://localhost:4200/@vite/client:985
[ 3585699ms] [ERROR] WebSocket connection to 'ws://localhost:4200/' failed: Error in connection establishment: net::ERR_CONNECTION_REFUSED @ http://localhost:4200/@vite/client:985
[ 3590603ms] [ERROR] WebSocket connection to 'ws://localhost:4200/' failed: Error in connection establishment: net::ERR_CONNECTION_REFUSED @ http://localhost:4200/@vite/client:985
[ 3596067ms] [ERROR] WebSocket connection to 'ws://localhost:4200/' failed: Error in connection establishment: net::ERR_CONNECTION_REFUSED @ http://localhost:4200/@vite/client:985
[ 3599442ms] [ERROR] WebSocket connection to 'ws://localhost:4200/' failed: Error in connection establishment: net::ERR_CONNECTION_REFUSED @ http://localhost:4200/@vite/client:985
[ 3603263ms] [ERROR] WebSocket connection to 'ws://localhost:4200/' failed: Error in connection establishment: net::ERR_CONNECTION_REFUSED @ http://localhost:4200/@vite/client:985
[ 3605635ms] [ERROR] WebSocket connection to 'ws://localhost:4200/' failed: Error in connection establishment: net::ERR_CONNECTION_REFUSED @ http://localhost:4200/@vite/client:985
[ 3610561ms] [ERROR] WebSocket connection to 'ws://localhost:4200/' failed: Error in connection establishment: net::ERR_CONNECTION_REFUSED @ http://localhost:4200/@vite/client:985
[ 3616155ms] [ERROR] WebSocket connection to 'ws://localhost:4200/' failed: Error in connection establishment: net::ERR_CONNECTION_REFUSED @ http://localhost:4200/@vite/client:985
[ 3620764ms] [ERROR] WebSocket connection to 'ws://localhost:4200/' failed: Error in connection establishment: net::ERR_CONNECTION_REFUSED @ http://localhost:4200/@vite/client:985
[ 3623566ms] [ERROR] WebSocket connection to 'ws://localhost:4200/' failed: Error in connection establishment: net::ERR_CONNECTION_REFUSED @ http://localhost:4200/@vite/client:985
[ 3628484ms] [ERROR] WebSocket connection to 'ws://localhost:4200/' failed: Error in connection establishment: net::ERR_CONNECTION_REFUSED @ http://localhost:4200/@vite/client:985
[ 3634161ms] [ERROR] WebSocket connection to 'ws://localhost:4200/' failed: Error in connection establishment: net::ERR_CONNECTION_REFUSED @ http://localhost:4200/@vite/client:985
[ 3639973ms] [ERROR] WebSocket connection to 'ws://localhost:4200/' failed: Error in connection establishment: net::ERR_CONNECTION_REFUSED @ http://localhost:4200/@vite/client:985
[ 3643778ms] [ERROR] WebSocket connection to 'ws://localhost:4200/' failed: Error in connection establishment: net::ERR_CONNECTION_REFUSED @ http://localhost:4200/@vite/client:985
[ 3646163ms] [ERROR] WebSocket connection to 'ws://localhost:4200/' failed: Error in connection establishment: net::ERR_CONNECTION_REFUSED @ http://localhost:4200/@vite/client:985
[ 3651299ms] [ERROR] WebSocket connection to 'ws://localhost:4200/' failed: Error in connection establishment: net::ERR_CONNECTION_REFUSED @ http://localhost:4200/@vite/client:985
[ 3656374ms] [ERROR] WebSocket connection to 'ws://localhost:4200/' failed: Error in connection establishment: net::ERR_CONNECTION_REFUSED @ http://localhost:4200/@vite/client:985
[ 3659183ms] [ERROR] WebSocket connection to 'ws://localhost:4200/' failed: Error in connection establishment: net::ERR_CONNECTION_REFUSED @ http://localhost:4200/@vite/client:985
[ 3665154ms] [ERROR] WebSocket connection to 'ws://localhost:4200/' failed: Error in connection establishment: net::ERR_CONNECTION_REFUSED @ http://localhost:4200/@vite/client:985
[ 3667873ms] [ERROR] WebSocket connection to 'ws://localhost:4200/' failed: Error in connection establishment: net::ERR_CONNECTION_REFUSED @ http://localhost:4200/@vite/client:985
[ 3670415ms] [ERROR] WebSocket connection to 'ws://localhost:4200/' failed: Error in connection establishment: net::ERR_CONNECTION_REFUSED @ http://localhost:4200/@vite/client:985
[ 3689656ms] [ERROR] WebSocket connection to 'ws://localhost:4200/' failed: Error in connection establishment: net::ERR_CONNECTION_REFUSED @ http://localhost:4200/@vite/client:985
[ 3694578ms] [ERROR] WebSocket connection to 'ws://localhost:4200/' failed: Error in connection establishment: net::ERR_CONNECTION_REFUSED @ http://localhost:4200/@vite/client:985
[ 3700476ms] [ERROR] WebSocket connection to 'ws://localhost:4200/' failed: Error in connection establishment: net::ERR_CONNECTION_REFUSED @ http://localhost:4200/@vite/client:985
[ 3705828ms] [ERROR] WebSocket connection to 'ws://localhost:4200/' failed: Error in connection establishment: net::ERR_CONNECTION_REFUSED @ http://localhost:4200/@vite/client:985
[ 3710997ms] [ERROR] WebSocket connection to 'ws://localhost:4200/' failed: Error in connection establishment: net::ERR_CONNECTION_REFUSED @ http://localhost:4200/@vite/client:985
[ 3714235ms] [ERROR] WebSocket connection to 'ws://localhost:4200/' failed: Error in connection establishment: net::ERR_CONNECTION_REFUSED @ http://localhost:4200/@vite/client:985
[ 3716562ms] [ERROR] WebSocket connection to 'ws://localhost:4200/' failed: Error in connection establishment: net::ERR_CONNECTION_REFUSED @ http://localhost:4200/@vite/client:985
[ 3720148ms] [ERROR] WebSocket connection to 'ws://localhost:4200/' failed: Error in connection establishment: net::ERR_CONNECTION_REFUSED @ http://localhost:4200/@vite/client:985
[ 3725642ms] [ERROR] WebSocket connection to 'ws://localhost:4200/' failed: Error in connection establishment: net::ERR_CONNECTION_REFUSED @ http://localhost:4200/@vite/client:985
[ 3729409ms] [ERROR] WebSocket connection to 'ws://localhost:4200/' failed: Error in connection establishment: net::ERR_CONNECTION_REFUSED @ http://localhost:4200/@vite/client:985
[ 3731804ms] [ERROR] WebSocket connection to 'ws://localhost:4200/' failed: Error in connection establishment: net::ERR_CONNECTION_REFUSED @ http://localhost:4200/@vite/client:985
[ 3734308ms] [ERROR] WebSocket connection to 'ws://localhost:4200/' failed: Error in connection establishment: net::ERR_CONNECTION_REFUSED @ http://localhost:4200/@vite/client:985
[ 3745154ms] [ERROR] WebSocket connection to 'ws://localhost:4200/' failed: Error in connection establishment: net::ERR_CONNECTION_REFUSED @ http://localhost:4200/@vite/client:985
[ 3754057ms] [ERROR] WebSocket connection to 'ws://localhost:4200/' failed: Error in connection establishment: net::ERR_CONNECTION_REFUSED @ http://localhost:4200/@vite/client:985
[ 3760222ms] [ERROR] WebSocket connection to 'ws://localhost:4200/' failed: Error in connection establishment: net::ERR_CONNECTION_REFUSED @ http://localhost:4200/@vite/client:985
[ 3765858ms] [ERROR] WebSocket connection to 'ws://localhost:4200/' failed: Error in connection establishment: net::ERR_CONNECTION_REFUSED @ http://localhost:4200/@vite/client:985
[ 3768381ms] [ERROR] WebSocket connection to 'ws://localhost:4200/' failed: Error in connection establishment: net::ERR_CONNECTION_REFUSED @ http://localhost:4200/@vite/client:985
[ 3770798ms] [ERROR] WebSocket connection to 'ws://localhost:4200/' failed: Error in connection establishment: net::ERR_CONNECTION_REFUSED @ http://localhost:4200/@vite/client:985
[ 3774990ms] [ERROR] WebSocket connection to 'ws://localhost:4200/' failed: Error in connection establishment: net::ERR_CONNECTION_REFUSED @ http://localhost:4200/@vite/client:985
[ 3777548ms] [ERROR] WebSocket connection to 'ws://localhost:4200/' failed: Error in connection establishment: net::ERR_CONNECTION_REFUSED @ http://localhost:4200/@vite/client:985
[ 3783186ms] [ERROR] WebSocket connection to 'ws://localhost:4200/' failed: Error in connection establishment: net::ERR_CONNECTION_REFUSED @ http://localhost:4200/@vite/client:985
[ 3786230ms] [ERROR] WebSocket connection to 'ws://localhost:4200/' failed: Error in connection establishment: net::ERR_CONNECTION_REFUSED @ http://localhost:4200/@vite/client:985
[ 3790364ms] [ERROR] WebSocket connection to 'ws://localhost:4200/' failed: Error in connection establishment: net::ERR_CONNECTION_REFUSED @ http://localhost:4200/@vite/client:985
[ 3794789ms] [ERROR] WebSocket connection to 'ws://localhost:4200/' failed: Error in connection establishment: net::ERR_CONNECTION_REFUSED @ http://localhost:4200/@vite/client:985
[ 3799644ms] [ERROR] WebSocket connection to 'ws://localhost:4200/' failed: Error in connection establishment: net::ERR_CONNECTION_REFUSED @ http://localhost:4200/@vite/client:985
[ 3802926ms] [ERROR] WebSocket connection to 'ws://localhost:4200/' failed: Error in connection establishment: net::ERR_CONNECTION_REFUSED @ http://localhost:4200/@vite/client:985
[ 3806096ms] [ERROR] WebSocket connection to 'ws://localhost:4200/' failed: Error in connection establishment: net::ERR_CONNECTION_REFUSED @ http://localhost:4200/@vite/client:985
[ 3807102ms] [ERROR] WebSocket connection to 'ws://localhost:4200/' failed: Error in connection establishment: net::ERR_CONNECTION_REFUSED @ http://localhost:4200/@vite/client:985
[ 3808105ms] [ERROR] WebSocket connection to 'ws://localhost:4200/' failed: Error in connection establishment: net::ERR_CONNECTION_REFUSED @ http://localhost:4200/@vite/client:985
[ 3809110ms] [ERROR] WebSocket connection to 'ws://localhost:4200/' failed: Error in connection establishment: net::ERR_CONNECTION_REFUSED @ http://localhost:4200/@vite/client:985
[ 3810114ms] [ERROR] WebSocket connection to 'ws://localhost:4200/' failed: Error in connection establishment: net::ERR_CONNECTION_REFUSED @ http://localhost:4200/@vite/client:985
[ 3811120ms] [ERROR] WebSocket connection to 'ws://localhost:4200/' failed: Error in connection establishment: net::ERR_CONNECTION_REFUSED @ http://localhost:4200/@vite/client:985
[ 3812127ms] [ERROR] WebSocket connection to 'ws://localhost:4200/' failed: Error in connection establishment: net::ERR_CONNECTION_REFUSED @ http://localhost:4200/@vite/client:985
[ 3813143ms] [ERROR] WebSocket connection to 'ws://localhost:4200/' failed: Error in connection establishment: net::ERR_CONNECTION_REFUSED @ http://localhost:4200/@vite/client:985
[ 3814158ms] [ERROR] WebSocket connection to 'ws://localhost:4200/' failed: Error in connection establishment: net::ERR_CONNECTION_REFUSED @ http://localhost:4200/@vite/client:985
[ 3815188ms] [ERROR] WebSocket connection to 'ws://localhost:4200/' failed: Error in connection establishment: net::ERR_CONNECTION_REFUSED @ http://localhost:4200/@vite/client:985
[ 3816218ms] [ERROR] WebSocket connection to 'ws://localhost:4200/' failed: Error in connection establishment: net::ERR_CONNECTION_REFUSED @ http://localhost:4200/@vite/client:985
[ 3817327ms] [ERROR] WebSocket connection to 'ws://localhost:4200/' failed: Error in connection establishment: net::ERR_CONNECTION_REFUSED @ http://localhost:4200/@vite/client:985
[ 3818509ms] [ERROR] WebSocket connection to 'ws://localhost:4200/' failed: Error in connection establishment: net::ERR_CONNECTION_REFUSED @ http://localhost:4200/@vite/client:985
[ 3819681ms] [ERROR] WebSocket connection to 'ws://localhost:4200/' failed: Error in connection establishment: net::ERR_CONNECTION_REFUSED @ http://localhost:4200/@vite/client:985
[ 3821640ms] [ERROR] WebSocket connection to 'ws://localhost:4200/' failed: Error in connection establishment: net::ERR_CONNECTION_REFUSED @ http://localhost:4200/@vite/client:985
[ 3823400ms] [ERROR] WebSocket connection to 'ws://localhost:4200/' failed: Error in connection establishment: net::ERR_CONNECTION_REFUSED @ http://localhost:4200/@vite/client:985
[ 3827172ms] [ERROR] WebSocket connection to 'ws://localhost:4200/' failed: Error in connection establishment: net::ERR_CONNECTION_REFUSED @ http://localhost:4200/@vite/client:985
[ 3829230ms] [ERROR] WebSocket connection to 'ws://localhost:4200/' failed: Error in connection establishment: net::ERR_CONNECTION_REFUSED @ http://localhost:4200/@vite/client:985
[ 3832622ms] [ERROR] WebSocket connection to 'ws://localhost:4200/' failed: Error in connection establishment: net::ERR_CONNECTION_REFUSED @ http://localhost:4200/@vite/client:985
[ 3836214ms] [ERROR] WebSocket connection to 'ws://localhost:4200/' failed: Error in connection establishment: net::ERR_CONNECTION_REFUSED @ http://localhost:4200/@vite/client:985
[ 3840616ms] [ERROR] WebSocket connection to 'ws://localhost:4200/' failed: Error in connection establishment: net::ERR_CONNECTION_REFUSED @ http://localhost:4200/@vite/client:985
[ 3843905ms] [ERROR] WebSocket connection to 'ws://localhost:4200/' failed: Error in connection establishment: net::ERR_CONNECTION_REFUSED @ http://localhost:4200/@vite/client:985
[ 3847223ms] [ERROR] WebSocket connection to 'ws://localhost:4200/' failed: Error in connection establishment: net::ERR_CONNECTION_REFUSED @ http://localhost:4200/@vite/client:985
[ 3849880ms] [ERROR] WebSocket connection to 'ws://localhost:4200/' failed: Error in connection establishment: net::ERR_CONNECTION_REFUSED @ http://localhost:4200/@vite/client:985
[ 3852139ms] [ERROR] WebSocket connection to 'ws://localhost:4200/' failed: Error in connection establishment: net::ERR_CONNECTION_REFUSED @ http://localhost:4200/@vite/client:985
[ 3856302ms] [ERROR] WebSocket connection to 'ws://localhost:4200/' failed: Error in connection establishment: net::ERR_CONNECTION_REFUSED @ http://localhost:4200/@vite/client:985
[ 3859360ms] [ERROR] WebSocket connection to 'ws://localhost:4200/' failed: Error in connection establishment: net::ERR_CONNECTION_REFUSED @ http://localhost:4200/@vite/client:985
[ 3863003ms] [ERROR] WebSocket connection to 'ws://localhost:4200/' failed: Error in connection establishment: net::ERR_CONNECTION_REFUSED @ http://localhost:4200/@vite/client:985
[ 3866463ms] [ERROR] WebSocket connection to 'ws://localhost:4200/' failed: Error in connection establishment: net::ERR_CONNECTION_REFUSED @ http://localhost:4200/@vite/client:985
[ 3868790ms] [ERROR] WebSocket connection to 'ws://localhost:4200/' failed: Error in connection establishment: net::ERR_CONNECTION_REFUSED @ http://localhost:4200/@vite/client:985
[ 3872737ms] [ERROR] WebSocket connection to 'ws://localhost:4200/' failed: Error in connection establishment: net::ERR_CONNECTION_REFUSED @ http://localhost:4200/@vite/client:985
[ 3875785ms] [ERROR] WebSocket connection to 'ws://localhost:4200/' failed: Error in connection establishment: net::ERR_CONNECTION_REFUSED @ http://localhost:4200/@vite/client:985
[ 3879049ms] [ERROR] WebSocket connection to 'ws://localhost:4200/' failed: Error in connection establishment: net::ERR_CONNECTION_REFUSED @ http://localhost:4200/@vite/client:985
[ 3884945ms] [ERROR] WebSocket connection to 'ws://localhost:4200/' failed: Error in connection establishment: net::ERR_CONNECTION_REFUSED @ http://localhost:4200/@vite/client:985
[ 3887126ms] [ERROR] WebSocket connection to 'ws://localhost:4200/' failed: Error in connection establishment: net::ERR_CONNECTION_REFUSED @ http://localhost:4200/@vite/client:985
[ 3972042ms] [ERROR] WebSocket connection to 'ws://localhost:4200/' failed: Error in connection establishment: net::ERR_CONNECTION_REFUSED @ http://localhost:4200/@vite/client:985
[ 4803040ms] [ERROR] WebSocket connection to 'ws://localhost:4200/' failed: Error in connection establishment: net::ERR_CONNECTION_REFUSED @ http://localhost:4200/@vite/client:985
[ 4807453ms] [ERROR] WebSocket connection to 'ws://localhost:4200/' failed: Error in connection establishment: net::ERR_CONNECTION_REFUSED @ http://localhost:4200/@vite/client:985
[ 4811933ms] [ERROR] WebSocket connection to 'ws://localhost:4200/' failed: Error in connection establishment: net::ERR_CONNECTION_REFUSED @ http://localhost:4200/@vite/client:985
[ 4815457ms] [ERROR] WebSocket connection to 'ws://localhost:4200/' failed: Error in connection establishment: net::ERR_CONNECTION_REFUSED @ http://localhost:4200/@vite/client:985
[ 4819764ms] [ERROR] WebSocket connection to 'ws://localhost:4200/' failed: Error in connection establishment: net::ERR_CONNECTION_REFUSED @ http://localhost:4200/@vite/client:985
[ 4822717ms] [ERROR] WebSocket connection to 'ws://localhost:4200/' failed: Error in connection establishment: net::ERR_CONNECTION_REFUSED @ http://localhost:4200/@vite/client:985
[ 4827146ms] [ERROR] WebSocket connection to 'ws://localhost:4200/' failed: Error in connection establishment: net::ERR_CONNECTION_REFUSED @ http://localhost:4200/@vite/client:985
[ 4829693ms] [ERROR] WebSocket connection to 'ws://localhost:4200/' failed: Error in connection establishment: net::ERR_CONNECTION_REFUSED @ http://localhost:4200/@vite/client:985
[ 4833996ms] [ERROR] WebSocket connection to 'ws://localhost:4200/' failed: Error in connection establishment: net::ERR_CONNECTION_REFUSED @ http://localhost:4200/@vite/client:985
[ 4839569ms] [ERROR] WebSocket connection to 'ws://localhost:4200/' failed: Error in connection establishment: net::ERR_CONNECTION_REFUSED @ http://localhost:4200/@vite/client:985
[ 4843348ms] [ERROR] WebSocket connection to 'ws://localhost:4200/' failed: Error in connection establishment: net::ERR_CONNECTION_REFUSED @ http://localhost:4200/@vite/client:985
[ 4848109ms] [ERROR] WebSocket connection to 'ws://localhost:4200/' failed: Error in connection establishment: net::ERR_CONNECTION_REFUSED @ http://localhost:4200/@vite/client:985
[ 5903880ms] [ERROR] WebSocket connection to 'ws://localhost:4200/' failed: Error in connection establishment: net::ERR_CONNECTION_REFUSED @ http://localhost:4200/@vite/client:985
[ 6886643ms] [ERROR] WebSocket connection to 'ws://localhost:4200/' failed: Error in connection establishment: net::ERR_CONNECTION_REFUSED @ http://localhost:4200/@vite/client:985
[ 6890551ms] [ERROR] WebSocket connection to 'ws://localhost:4200/' failed: Error in connection establishment: net::ERR_CONNECTION_REFUSED @ http://localhost:4200/@vite/client:985
[ 7910721ms] [ERROR] WebSocket connection to 'ws://localhost:4200/' failed: Error in connection establishment: net::ERR_CONNECTION_REFUSED @ http://localhost:4200/@vite/client:985
[ 8930409ms] [ERROR] WebSocket connection to 'ws://localhost:4200/' failed: Error in connection establishment: net::ERR_CONNECTION_REFUSED @ http://localhost:4200/@vite/client:985
[ 8936622ms] [ERROR] WebSocket connection to 'ws://localhost:4200/' failed: Error in connection establishment: net::ERR_CONNECTION_REFUSED @ http://localhost:4200/@vite/client:985
[ 8939108ms] [ERROR] WebSocket connection to 'ws://localhost:4200/' failed: Error in connection establishment: net::ERR_CONNECTION_REFUSED @ http://localhost:4200/@vite/client:985
[ 8942393ms] [ERROR] WebSocket connection to 'ws://localhost:4200/' failed: Error in connection establishment: net::ERR_CONNECTION_REFUSED @ http://localhost:4200/@vite/client:985
[ 8948483ms] [ERROR] WebSocket connection to 'ws://localhost:4200/' failed: Error in connection establishment: net::ERR_CONNECTION_REFUSED @ http://localhost:4200/@vite/client:985
[ 8954784ms] [ERROR] WebSocket connection to 'ws://localhost:4200/' failed: Error in connection establishment: net::ERR_CONNECTION_REFUSED @ http://localhost:4200/@vite/client:985
[ 9026251ms] [ERROR] WebSocket connection to 'ws://localhost:4200/' failed: Error in connection establishment: net::ERR_CONNECTION_REFUSED @ http://localhost:4200/@vite/client:985
[ 9031553ms] [ERROR] WebSocket connection to 'ws://localhost:4200/' failed: Error in connection establishment: net::ERR_CONNECTION_REFUSED @ http://localhost:4200/@vite/client:985
[ 9036056ms] [ERROR] WebSocket connection to 'ws://localhost:4200/' failed: Error in connection establishment: net::ERR_CONNECTION_REFUSED @ http://localhost:4200/@vite/client:985
[ 9039952ms] [ERROR] WebSocket connection to 'ws://localhost:4200/' failed: Error in connection establishment: net::ERR_CONNECTION_REFUSED @ http://localhost:4200/@vite/client:985
[ 9042375ms] [ERROR] WebSocket connection to 'ws://localhost:4200/' failed: Error in connection establishment: net::ERR_CONNECTION_REFUSED @ http://localhost:4200/@vite/client:985
[ 9048381ms] [ERROR] WebSocket connection to 'ws://localhost:4200/' failed: Error in connection establishment: net::ERR_CONNECTION_REFUSED @ http://localhost:4200/@vite/client:985
[ 9051883ms] [ERROR] WebSocket connection to 'ws://localhost:4200/' failed: Error in connection establishment: net::ERR_CONNECTION_REFUSED @ http://localhost:4200/@vite/client:985
[ 9057063ms] [ERROR] WebSocket connection to 'ws://localhost:4200/' failed: Error in connection establishment: net::ERR_CONNECTION_REFUSED @ http://localhost:4200/@vite/client:985
[ 9061958ms] [ERROR] WebSocket connection to 'ws://localhost:4200/' failed: Error in connection establishment: net::ERR_CONNECTION_REFUSED @ http://localhost:4200/@vite/client:985
[ 9066173ms] [ERROR] WebSocket connection to 'ws://localhost:4200/' failed: Error in connection establishment: net::ERR_CONNECTION_REFUSED @ http://localhost:4200/@vite/client:985
[ 9076161ms] [ERROR] WebSocket connection to 'ws://localhost:4200/' failed: Error in connection establishment: net::ERR_CONNECTION_REFUSED @ http://localhost:4200/@vite/client:985
[ 9080455ms] [ERROR] WebSocket connection to 'ws://localhost:4200/' failed: Error in connection establishment: net::ERR_CONNECTION_REFUSED @ http://localhost:4200/@vite/client:985
[ 9084312ms] [ERROR] WebSocket connection to 'ws://localhost:4200/' failed: Error in connection establishment: net::ERR_CONNECTION_REFUSED @ http://localhost:4200/@vite/client:985
[ 9085324ms] [ERROR] WebSocket connection to 'ws://localhost:4200/' failed: Error in connection establishment: net::ERR_CONNECTION_REFUSED @ http://localhost:4200/@vite/client:985
[ 9086329ms] [ERROR] WebSocket connection to 'ws://localhost:4200/' failed: Error in connection establishment: net::ERR_CONNECTION_REFUSED @ http://localhost:4200/@vite/client:985
[ 9087337ms] [ERROR] WebSocket connection to 'ws://localhost:4200/' failed: Error in connection establishment: net::ERR_CONNECTION_REFUSED @ http://localhost:4200/@vite/client:985
[ 9088347ms] [ERROR] WebSocket connection to 'ws://localhost:4200/' failed: Error in connection establishment: net::ERR_CONNECTION_REFUSED @ http://localhost:4200/@vite/client:985
[ 9089356ms] [ERROR] WebSocket connection to 'ws://localhost:4200/' failed: Error in connection establishment: net::ERR_CONNECTION_REFUSED @ http://localhost:4200/@vite/client:985
[ 9090364ms] [ERROR] WebSocket connection to 'ws://localhost:4200/' failed: Error in connection establishment: net::ERR_CONNECTION_REFUSED @ http://localhost:4200/@vite/client:985
[ 9091380ms] [ERROR] WebSocket connection to 'ws://localhost:4200/' failed: Error in connection establishment: net::ERR_CONNECTION_REFUSED @ http://localhost:4200/@vite/client:985
[ 9092406ms] [ERROR] WebSocket connection to 'ws://localhost:4200/' failed: Error in connection establishment: net::ERR_CONNECTION_REFUSED @ http://localhost:4200/@vite/client:985
[ 9093450ms] [ERROR] WebSocket connection to 'ws://localhost:4200/' failed: Error in connection establishment: net::ERR_CONNECTION_REFUSED @ http://localhost:4200/@vite/client:985
[ 9094525ms] [ERROR] WebSocket connection to 'ws://localhost:4200/' failed: Error in connection establishment: net::ERR_CONNECTION_REFUSED @ http://localhost:4200/@vite/client:985
[ 9095566ms] [ERROR] WebSocket connection to 'ws://localhost:4200/' failed: Error in connection establishment: net::ERR_CONNECTION_REFUSED @ http://localhost:4200/@vite/client:985
[ 9096711ms] [ERROR] WebSocket connection to 'ws://localhost:4200/' failed: Error in connection establishment: net::ERR_CONNECTION_REFUSED @ http://localhost:4200/@vite/client:985
[ 9097996ms] [ERROR] WebSocket connection to 'ws://localhost:4200/' failed: Error in connection establishment: net::ERR_CONNECTION_REFUSED @ http://localhost:4200/@vite/client:985
[ 9099681ms] [ERROR] WebSocket connection to 'ws://localhost:4200/' failed: Error in connection establishment: net::ERR_CONNECTION_REFUSED @ http://localhost:4200/@vite/client:985
[ 9101448ms] [ERROR] WebSocket connection to 'ws://localhost:4200/' failed: Error in connection establishment: net::ERR_CONNECTION_REFUSED @ http://localhost:4200/@vite/client:985
[ 9105502ms] [ERROR] WebSocket connection to 'ws://localhost:4200/' failed: Error in connection establishment: net::ERR_CONNECTION_REFUSED @ http://localhost:4200/@vite/client:985
[ 9109960ms] [ERROR] WebSocket connection to 'ws://localhost:4200/' failed: Error in connection establishment: net::ERR_CONNECTION_REFUSED @ http://localhost:4200/@vite/client:985
[ 9112810ms] [ERROR] WebSocket connection to 'ws://localhost:4200/' failed: Error in connection establishment: net::ERR_CONNECTION_REFUSED @ http://localhost:4200/@vite/client:985
[ 9117683ms] [ERROR] WebSocket connection to 'ws://localhost:4200/' failed: Error in connection establishment: net::ERR_CONNECTION_REFUSED @ http://localhost:4200/@vite/client:985
[ 9121384ms] [ERROR] WebSocket connection to 'ws://localhost:4200/' failed: Error in connection establishment: net::ERR_CONNECTION_REFUSED @ http://localhost:4200/@vite/client:985
[10158434ms] [ERROR] WebSocket connection to 'ws://localhost:4200/' failed: Error in connection establishment: net::ERR_CONNECTION_REFUSED @ http://localhost:4200/@vite/client:985
[10353368ms] [ERROR] WebSocket connection to 'ws://localhost:4200/' failed: Error in connection establishment: net::ERR_CONNECTION_REFUSED @ http://localhost:4200/@vite/client:985
[10358330ms] [ERROR] WebSocket connection to 'ws://localhost:4200/' failed: Error in connection establishment: net::ERR_CONNECTION_REFUSED @ http://localhost:4200/@vite/client:985
[10363967ms] [ERROR] WebSocket connection to 'ws://localhost:4200/' failed: Error in connection establishment: net::ERR_CONNECTION_REFUSED @ http://localhost:4200/@vite/client:985
[10366494ms] [ERROR] WebSocket connection to 'ws://localhost:4200/' failed: Error in connection establishment: net::ERR_CONNECTION_REFUSED @ http://localhost:4200/@vite/client:985
[10371155ms] [ERROR] WebSocket connection to 'ws://localhost:4200/' failed: Error in connection establishment: net::ERR_CONNECTION_REFUSED @ http://localhost:4200/@vite/client:985
[10376274ms] [ERROR] WebSocket connection to 'ws://localhost:4200/' failed: Error in connection establishment: net::ERR_CONNECTION_REFUSED @ http://localhost:4200/@vite/client:985
[10381218ms] [ERROR] WebSocket connection to 'ws://localhost:4200/' failed: Error in connection establishment: net::ERR_CONNECTION_REFUSED @ http://localhost:4200/@vite/client:985
[10384845ms] [ERROR] WebSocket connection to 'ws://localhost:4200/' failed: Error in connection establishment: net::ERR_CONNECTION_REFUSED @ http://localhost:4200/@vite/client:985
[10387077ms] [ERROR] WebSocket connection to 'ws://localhost:4200/' failed: Error in connection establishment: net::ERR_CONNECTION_REFUSED @ http://localhost:4200/@vite/client:985
[10390883ms] [ERROR] WebSocket connection to 'ws://localhost:4200/' failed: Error in connection establishment: net::ERR_CONNECTION_REFUSED @ http://localhost:4200/@vite/client:985
[10395064ms] [ERROR] WebSocket connection to 'ws://localhost:4200/' failed: Error in connection establishment: net::ERR_CONNECTION_REFUSED @ http://localhost:4200/@vite/client:985
[11058200ms] [ERROR] WebSocket connection to 'ws://localhost:4200/' failed: Error in connection establishment: net::ERR_CONNECTION_REFUSED @ http://localhost:4200/@vite/client:985
[11060885ms] [ERROR] WebSocket connection to 'ws://localhost:4200/' failed: Error in connection establishment: net::ERR_CONNECTION_REFUSED @ http://localhost:4200/@vite/client:985
[11064211ms] [ERROR] WebSocket connection to 'ws://localhost:4200/' failed: Error in connection establishment: net::ERR_CONNECTION_REFUSED @ http://localhost:4200/@vite/client:985
[11070184ms] [ERROR] WebSocket connection to 'ws://localhost:4200/' failed: Error in connection establishment: net::ERR_CONNECTION_REFUSED @ http://localhost:4200/@vite/client:985
[11072800ms] [ERROR] WebSocket connection to 'ws://localhost:4200/' failed: Error in connection establishment: net::ERR_CONNECTION_REFUSED @ http://localhost:4200/@vite/client:985
[11074941ms] [ERROR] WebSocket connection to 'ws://localhost:4200/' failed: Error in connection establishment: net::ERR_CONNECTION_REFUSED @ http://localhost:4200/@vite/client:985
[11078915ms] [ERROR] WebSocket connection to 'ws://localhost:4200/' failed: Error in connection establishment: net::ERR_CONNECTION_REFUSED @ http://localhost:4200/@vite/client:985
[11081954ms] [ERROR] WebSocket connection to 'ws://localhost:4200/' failed: Error in connection establishment: net::ERR_CONNECTION_REFUSED @ http://localhost:4200/@vite/client:985
[11086545ms] [ERROR] WebSocket connection to 'ws://localhost:4200/' failed: Error in connection establishment: net::ERR_CONNECTION_REFUSED @ http://localhost:4200/@vite/client:985
[11087551ms] [ERROR] WebSocket connection to 'ws://localhost:4200/' failed: Error in connection establishment: net::ERR_CONNECTION_REFUSED @ http://localhost:4200/@vite/client:985
[11088562ms] [ERROR] WebSocket connection to 'ws://localhost:4200/' failed: Error in connection establishment: net::ERR_CONNECTION_REFUSED @ http://localhost:4200/@vite/client:985
[11089566ms] [ERROR] WebSocket connection to 'ws://localhost:4200/' failed: Error in connection establishment: net::ERR_CONNECTION_REFUSED @ http://localhost:4200/@vite/client:985
[11090572ms] [ERROR] WebSocket connection to 'ws://localhost:4200/' failed: Error in connection establishment: net::ERR_CONNECTION_REFUSED @ http://localhost:4200/@vite/client:985
[11091581ms] [ERROR] WebSocket connection to 'ws://localhost:4200/' failed: Error in connection establishment: net::ERR_CONNECTION_REFUSED @ http://localhost:4200/@vite/client:985
[11092589ms] [ERROR] WebSocket connection to 'ws://localhost:4200/' failed: Error in connection establishment: net::ERR_CONNECTION_REFUSED @ http://localhost:4200/@vite/client:985
[11093598ms] [ERROR] WebSocket connection to 'ws://localhost:4200/' failed: Error in connection establishment: net::ERR_CONNECTION_REFUSED @ http://localhost:4200/@vite/client:985
[11094615ms] [ERROR] WebSocket connection to 'ws://localhost:4200/' failed: Error in connection establishment: net::ERR_CONNECTION_REFUSED @ http://localhost:4200/@vite/client:985
[11095635ms] [ERROR] WebSocket connection to 'ws://localhost:4200/' failed: Error in connection establishment: net::ERR_CONNECTION_REFUSED @ http://localhost:4200/@vite/client:985
[11096685ms] [ERROR] WebSocket connection to 'ws://localhost:4200/' failed: Error in connection establishment: net::ERR_CONNECTION_REFUSED @ http://localhost:4200/@vite/client:985
[11097798ms] [ERROR] WebSocket connection to 'ws://localhost:4200/' failed: Error in connection establishment: net::ERR_CONNECTION_REFUSED @ http://localhost:4200/@vite/client:985
[11099064ms] [ERROR] WebSocket connection to 'ws://localhost:4200/' failed: Error in connection establishment: net::ERR_CONNECTION_REFUSED @ http://localhost:4200/@vite/client:985
[11100245ms] [ERROR] WebSocket connection to 'ws://localhost:4200/' failed: Error in connection establishment: net::ERR_CONNECTION_REFUSED @ http://localhost:4200/@vite/client:985
[11102389ms] [ERROR] WebSocket connection to 'ws://localhost:4200/' failed: Error in connection establishment: net::ERR_CONNECTION_REFUSED @ http://localhost:4200/@vite/client:985
[11104926ms] [ERROR] WebSocket connection to 'ws://localhost:4200/' failed: Error in connection establishment: net::ERR_CONNECTION_REFUSED @ http://localhost:4200/@vite/client:985
[11153779ms] [ERROR] WebSocket connection to 'ws://localhost:4200/' failed: Error in connection establishment: net::ERR_CONNECTION_REFUSED @ http://localhost:4200/@vite/client:985
[11158245ms] [ERROR] WebSocket connection to 'ws://localhost:4200/' failed: Error in connection establishment: net::ERR_CONNECTION_REFUSED @ http://localhost:4200/@vite/client:985
[11162784ms] [ERROR] WebSocket connection to 'ws://localhost:4200/' failed: Error in connection establishment: net::ERR_CONNECTION_REFUSED @ http://localhost:4200/@vite/client:985
[11165017ms] [ERROR] WebSocket connection to 'ws://localhost:4200/' failed: Error in connection establishment: net::ERR_CONNECTION_REFUSED @ http://localhost:4200/@vite/client:985
[11167501ms] [ERROR] WebSocket connection to 'ws://localhost:4200/' failed: Error in connection establishment: net::ERR_CONNECTION_REFUSED @ http://localhost:4200/@vite/client:985
[11170656ms] [ERROR] WebSocket connection to 'ws://localhost:4200/' failed: Error in connection establishment: net::ERR_CONNECTION_REFUSED @ http://localhost:4200/@vite/client:985
[11172890ms] [ERROR] WebSocket connection to 'ws://localhost:4200/' failed: Error in connection establishment: net::ERR_CONNECTION_REFUSED @ http://localhost:4200/@vite/client:985
[11175083ms] [ERROR] WebSocket connection to 'ws://localhost:4200/' failed: Error in connection establishment: net::ERR_CONNECTION_REFUSED @ http://localhost:4200/@vite/client:985
[11178153ms] [ERROR] WebSocket connection to 'ws://localhost:4200/' failed: Error in connection establishment: net::ERR_CONNECTION_REFUSED @ http://localhost:4200/@vite/client:985
[11182368ms] [ERROR] WebSocket connection to 'ws://localhost:4200/' failed: Error in connection establishment: net::ERR_CONNECTION_REFUSED @ http://localhost:4200/@vite/client:985
[11185115ms] [ERROR] WebSocket connection to 'ws://localhost:4200/' failed: Error in connection establishment: net::ERR_CONNECTION_REFUSED @ http://localhost:4200/@vite/client:985
[11190501ms] [ERROR] WebSocket connection to 'ws://localhost:4200/' failed: Error in connection establishment: net::ERR_CONNECTION_REFUSED @ http://localhost:4200/@vite/client:985
[11377609ms] [ERROR] WebSocket connection to 'ws://localhost:4200/' failed: Error in connection establishment: net::ERR_CONNECTION_REFUSED @ http://localhost:4200/@vite/client:985
[11383139ms] [ERROR] WebSocket connection to 'ws://localhost:4200/' failed: Error in connection establishment: net::ERR_CONNECTION_REFUSED @ http://localhost:4200/@vite/client:985
[11387576ms] [ERROR] WebSocket connection to 'ws://localhost:4200/' failed: Error in connection establishment: net::ERR_CONNECTION_REFUSED @ http://localhost:4200/@vite/client:985
[11393015ms] [ERROR] WebSocket connection to 'ws://localhost:4200/' failed: Error in connection establishment: net::ERR_CONNECTION_REFUSED @ http://localhost:4200/@vite/client:985
[11395291ms] [ERROR] WebSocket connection to 'ws://localhost:4200/' failed: Error in connection establishment: net::ERR_CONNECTION_REFUSED @ http://localhost:4200/@vite/client:985
[11397917ms] [ERROR] WebSocket connection to 'ws://localhost:4200/' failed: Error in connection establishment: net::ERR_CONNECTION_REFUSED @ http://localhost:4200/@vite/client:985
[11401022ms] [ERROR] WebSocket connection to 'ws://localhost:4200/' failed: Error in connection establishment: net::ERR_CONNECTION_REFUSED @ http://localhost:4200/@vite/client:985
[11405348ms] [ERROR] WebSocket connection to 'ws://localhost:4200/' failed: Error in connection establishment: net::ERR_CONNECTION_REFUSED @ http://localhost:4200/@vite/client:985
[11409023ms] [ERROR] WebSocket connection to 'ws://localhost:4200/' failed: Error in connection establishment: net::ERR_CONNECTION_REFUSED @ http://localhost:4200/@vite/client:985
[11412463ms] [ERROR] WebSocket connection to 'ws://localhost:4200/' failed: Error in connection establishment: net::ERR_CONNECTION_REFUSED @ http://localhost:4200/@vite/client:985
[11416921ms] [ERROR] WebSocket connection to 'ws://localhost:4200/' failed: Error in connection establishment: net::ERR_CONNECTION_REFUSED @ http://localhost:4200/@vite/client:985
[11419735ms] [ERROR] WebSocket connection to 'ws://localhost:4200/' failed: Error in connection establishment: net::ERR_CONNECTION_REFUSED @ http://localhost:4200/@vite/client:985
[11422187ms] [ERROR] WebSocket connection to 'ws://localhost:4200/' failed: Error in connection establishment: net::ERR_CONNECTION_REFUSED @ http://localhost:4200/@vite/client:985
[12459733ms] [ERROR] WebSocket connection to 'ws://localhost:4200/' failed: Error in connection establishment: net::ERR_CONNECTION_REFUSED @ http://localhost:4200/@vite/client:985
[12686213ms] [ERROR] WebSocket connection to 'ws://localhost:4200/' failed: Error in connection establishment: net::ERR_CONNECTION_REFUSED @ http://localhost:4200/@vite/client:985
[12691931ms] [ERROR] WebSocket connection to 'ws://localhost:4200/' failed: Error in connection establishment: net::ERR_CONNECTION_REFUSED @ http://localhost:4200/@vite/client:985
[12696027ms] [ERROR] WebSocket connection to 'ws://localhost:4200/' failed: Error in connection establishment: net::ERR_CONNECTION_REFUSED @ http://localhost:4200/@vite/client:985
[12701650ms] [ERROR] WebSocket connection to 'ws://localhost:4200/' failed: Error in connection establishment: net::ERR_CONNECTION_REFUSED @ http://localhost:4200/@vite/client:985
[12705323ms] [ERROR] WebSocket connection to 'ws://localhost:4200/' failed: Error in connection establishment: net::ERR_CONNECTION_REFUSED @ http://localhost:4200/@vite/client:985
[12710441ms] [ERROR] WebSocket connection to 'ws://localhost:4200/' failed: Error in connection establishment: net::ERR_CONNECTION_REFUSED @ http://localhost:4200/@vite/client:985
[12714229ms] [ERROR] WebSocket connection to 'ws://localhost:4200/' failed: Error in connection establishment: net::ERR_CONNECTION_REFUSED @ http://localhost:4200/@vite/client:985
[12720168ms] [ERROR] WebSocket connection to 'ws://localhost:4200/' failed: Error in connection establishment: net::ERR_CONNECTION_REFUSED @ http://localhost:4200/@vite/client:985
[12722814ms] [ERROR] WebSocket connection to 'ws://localhost:4200/' failed: Error in connection establishment: net::ERR_CONNECTION_REFUSED @ http://localhost:4200/@vite/client:985
[12728524ms] [ERROR] WebSocket connection to 'ws://localhost:4200/' failed: Error in connection establishment: net::ERR_CONNECTION_REFUSED @ http://localhost:4200/@vite/client:985
[13681434ms] [ERROR] WebSocket connection to 'ws://localhost:4200/' failed: Error in connection establishment: net::ERR_CONNECTION_REFUSED @ http://localhost:4200/@vite/client:985
[14259443ms] [ERROR] WebSocket connection to 'ws://localhost:4200/' failed: Error in connection establishment: net::ERR_CONNECTION_REFUSED @ http://localhost:4200/@vite/client:985
[14264340ms] [ERROR] WebSocket connection to 'ws://localhost:4200/' failed: Error in connection establishment: net::ERR_CONNECTION_REFUSED @ http://localhost:4200/@vite/client:985
[14267075ms] [ERROR] WebSocket connection to 'ws://localhost:4200/' failed: Error in connection establishment: net::ERR_CONNECTION_REFUSED @ http://localhost:4200/@vite/client:985
[14270965ms] [ERROR] WebSocket connection to 'ws://localhost:4200/' failed: Error in connection establishment: net::ERR_CONNECTION_REFUSED @ http://localhost:4200/@vite/client:985
[14274881ms] [ERROR] WebSocket connection to 'ws://localhost:4200/' failed: Error in connection establishment: net::ERR_CONNECTION_REFUSED @ http://localhost:4200/@vite/client:985
[14278186ms] [ERROR] WebSocket connection to 'ws://localhost:4200/' failed: Error in connection establishment: net::ERR_CONNECTION_REFUSED @ http://localhost:4200/@vite/client:985
[14283359ms] [ERROR] WebSocket connection to 'ws://localhost:4200/' failed: Error in connection establishment: net::ERR_CONNECTION_REFUSED @ http://localhost:4200/@vite/client:985
[14286346ms] [ERROR] WebSocket connection to 'ws://localhost:4200/' failed: Error in connection establishment: net::ERR_CONNECTION_REFUSED @ http://localhost:4200/@vite/client:985
[14290551ms] [ERROR] WebSocket connection to 'ws://localhost:4200/' failed: Error in connection establishment: net::ERR_CONNECTION_REFUSED @ http://localhost:4200/@vite/client:985
[14292683ms] [ERROR] WebSocket connection to 'ws://localhost:4200/' failed: Error in connection establishment: net::ERR_CONNECTION_REFUSED @ http://localhost:4200/@vite/client:985
[14297043ms] [ERROR] WebSocket connection to 'ws://localhost:4200/' failed: Error in connection establishment: net::ERR_CONNECTION_REFUSED @ http://localhost:4200/@vite/client:985
[14302126ms] [ERROR] WebSocket connection to 'ws://localhost:4200/' failed: Error in connection establishment: net::ERR_CONNECTION_REFUSED @ http://localhost:4200/@vite/client:985
[14305494ms] [ERROR] WebSocket connection to 'ws://localhost:4200/' failed: Error in connection establishment: net::ERR_CONNECTION_REFUSED @ http://localhost:4200/@vite/client:985
[14315030ms] [ERROR] WebSocket connection to 'ws://localhost:4200/' failed: Error in connection establishment: net::ERR_CONNECTION_REFUSED @ http://localhost:4200/@vite/client:985
[14320877ms] [ERROR] WebSocket connection to 'ws://localhost:4200/' failed: Error in connection establishment: net::ERR_CONNECTION_REFUSED @ http://localhost:4200/@vite/client:985
[14324759ms] [ERROR] WebSocket connection to 'ws://localhost:4200/' failed: Error in connection establishment: net::ERR_CONNECTION_REFUSED @ http://localhost:4200/@vite/client:985
[14329145ms] [ERROR] WebSocket connection to 'ws://localhost:4200/' failed: Error in connection establishment: net::ERR_CONNECTION_REFUSED @ http://localhost:4200/@vite/client:985
[14332840ms] [ERROR] WebSocket connection to 'ws://localhost:4200/' failed: Error in connection establishment: net::ERR_CONNECTION_REFUSED @ http://localhost:4200/@vite/client:985
[14335351ms] [ERROR] WebSocket connection to 'ws://localhost:4200/' failed: Error in connection establishment: net::ERR_CONNECTION_REFUSED @ http://localhost:4200/@vite/client:985
[14340480ms] [ERROR] WebSocket connection to 'ws://localhost:4200/' failed: Error in connection establishment: net::ERR_CONNECTION_REFUSED @ http://localhost:4200/@vite/client:985
[14346107ms] [ERROR] WebSocket connection to 'ws://localhost:4200/' failed: Error in connection establishment: net::ERR_CONNECTION_REFUSED @ http://localhost:4200/@vite/client:985
[14349186ms] [ERROR] WebSocket connection to 'ws://localhost:4200/' failed: Error in connection establishment: net::ERR_CONNECTION_REFUSED @ http://localhost:4200/@vite/client:985
[14352714ms] [ERROR] WebSocket connection to 'ws://localhost:4200/' failed: Error in connection establishment: net::ERR_CONNECTION_REFUSED @ http://localhost:4200/@vite/client:985
[14453918ms] [ERROR] WebSocket connection to 'ws://localhost:4200/' failed: Error in connection establishment: net::ERR_CONNECTION_REFUSED @ http://localhost:4200/@vite/client:985
[14458889ms] [ERROR] WebSocket connection to 'ws://localhost:4200/' failed: Error in connection establishment: net::ERR_CONNECTION_REFUSED @ http://localhost:4200/@vite/client:985
[14462501ms] [ERROR] WebSocket connection to 'ws://localhost:4200/' failed: Error in connection establishment: net::ERR_CONNECTION_REFUSED @ http://localhost:4200/@vite/client:985
[14467706ms] [ERROR] WebSocket connection to 'ws://localhost:4200/' failed: Error in connection establishment: net::ERR_CONNECTION_REFUSED @ http://localhost:4200/@vite/client:985
[14472878ms] [ERROR] WebSocket connection to 'ws://localhost:4200/' failed: Error in connection establishment: net::ERR_CONNECTION_REFUSED @ http://localhost:4200/@vite/client:985
[14474957ms] [ERROR] WebSocket connection to 'ws://localhost:4200/' failed: Error in connection establishment: net::ERR_CONNECTION_REFUSED @ http://localhost:4200/@vite/client:985
[14478084ms] [ERROR] WebSocket connection to 'ws://localhost:4200/' failed: Error in connection establishment: net::ERR_CONNECTION_REFUSED @ http://localhost:4200/@vite/client:985
[14482286ms] [ERROR] WebSocket connection to 'ws://localhost:4200/' failed: Error in connection establishment: net::ERR_CONNECTION_REFUSED @ http://localhost:4200/@vite/client:985
[14486885ms] [ERROR] WebSocket connection to 'ws://localhost:4200/' failed: Error in connection establishment: net::ERR_CONNECTION_REFUSED @ http://localhost:4200/@vite/client:985
[14489203ms] [ERROR] WebSocket connection to 'ws://localhost:4200/' failed: Error in connection establishment: net::ERR_CONNECTION_REFUSED @ http://localhost:4200/@vite/client:985
[14493699ms] [ERROR] WebSocket connection to 'ws://localhost:4200/' failed: Error in connection establishment: net::ERR_CONNECTION_REFUSED @ http://localhost:4200/@vite/client:985
[14496366ms] [ERROR] WebSocket connection to 'ws://localhost:4200/' failed: Error in connection establishment: net::ERR_CONNECTION_REFUSED @ http://localhost:4200/@vite/client:985
[14500353ms] [ERROR] WebSocket connection to 'ws://localhost:4200/' failed: Error in connection establishment: net::ERR_CONNECTION_REFUSED @ http://localhost:4200/@vite/client:985
[14652926ms] [ERROR] WebSocket connection to 'ws://localhost:4200/' failed: Error in connection establishment: net::ERR_CONNECTION_REFUSED @ http://localhost:4200/@vite/client:985
[14656951ms] [ERROR] WebSocket connection to 'ws://localhost:4200/' failed: Error in connection establishment: net::ERR_CONNECTION_REFUSED @ http://localhost:4200/@vite/client:985
[14660643ms] [ERROR] WebSocket connection to 'ws://localhost:4200/' failed: Error in connection establishment: net::ERR_CONNECTION_REFUSED @ http://localhost:4200/@vite/client:985
[14664001ms] [ERROR] WebSocket connection to 'ws://localhost:4200/' failed: Error in connection establishment: net::ERR_CONNECTION_REFUSED @ http://localhost:4200/@vite/client:985
[14667087ms] [ERROR] WebSocket connection to 'ws://localhost:4200/' failed: Error in connection establishment: net::ERR_CONNECTION_REFUSED @ http://localhost:4200/@vite/client:985
[14671739ms] [ERROR] WebSocket connection to 'ws://localhost:4200/' failed: Error in connection establishment: net::ERR_CONNECTION_REFUSED @ http://localhost:4200/@vite/client:985
[14675504ms] [ERROR] WebSocket connection to 'ws://localhost:4200/' failed: Error in connection establishment: net::ERR_CONNECTION_REFUSED @ http://localhost:4200/@vite/client:985
[14679797ms] [ERROR] WebSocket connection to 'ws://localhost:4200/' failed: Error in connection establishment: net::ERR_CONNECTION_REFUSED @ http://localhost:4200/@vite/client:985
[14684228ms] [ERROR] WebSocket connection to 'ws://localhost:4200/' failed: Error in connection establishment: net::ERR_CONNECTION_REFUSED @ http://localhost:4200/@vite/client:985
[14689725ms] [ERROR] WebSocket connection to 'ws://localhost:4200/' failed: Error in connection establishment: net::ERR_CONNECTION_REFUSED @ http://localhost:4200/@vite/client:985
[14692644ms] [ERROR] WebSocket connection to 'ws://localhost:4200/' failed: Error in connection establishment: net::ERR_CONNECTION_REFUSED @ http://localhost:4200/@vite/client:985
[15055818ms] [ERROR] WebSocket connection to 'ws://localhost:4200/' failed: Error in connection establishment: net::ERR_CONNECTION_REFUSED @ http://localhost:4200/@vite/client:985
[15061188ms] [ERROR] WebSocket connection to 'ws://localhost:4200/' failed: Error in connection establishment: net::ERR_CONNECTION_REFUSED @ http://localhost:4200/@vite/client:985
[15066356ms] [ERROR] WebSocket connection to 'ws://localhost:4200/' failed: Error in connection establishment: net::ERR_CONNECTION_REFUSED @ http://localhost:4200/@vite/client:985
[15071194ms] [ERROR] WebSocket connection to 'ws://localhost:4200/' failed: Error in connection establishment: net::ERR_CONNECTION_REFUSED @ http://localhost:4200/@vite/client:985
[15074358ms] [ERROR] WebSocket connection to 'ws://localhost:4200/' failed: Error in connection establishment: net::ERR_CONNECTION_REFUSED @ http://localhost:4200/@vite/client:985
[15079433ms] [ERROR] WebSocket connection to 'ws://localhost:4200/' failed: Error in connection establishment: net::ERR_CONNECTION_REFUSED @ http://localhost:4200/@vite/client:985
[15083904ms] [ERROR] WebSocket connection to 'ws://localhost:4200/' failed: Error in connection establishment: net::ERR_CONNECTION_REFUSED @ http://localhost:4200/@vite/client:985
[15088087ms] [ERROR] WebSocket connection to 'ws://localhost:4200/' failed: Error in connection establishment: net::ERR_CONNECTION_REFUSED @ http://localhost:4200/@vite/client:985
[15091551ms] [ERROR] WebSocket connection to 'ws://localhost:4200/' failed: Error in connection establishment: net::ERR_CONNECTION_REFUSED @ http://localhost:4200/@vite/client:985
[15093587ms] [ERROR] WebSocket connection to 'ws://localhost:4200/' failed: Error in connection establishment: net::ERR_CONNECTION_REFUSED @ http://localhost:4200/@vite/client:985
[15098909ms] [ERROR] WebSocket connection to 'ws://localhost:4200/' failed: Error in connection establishment: net::ERR_CONNECTION_REFUSED @ http://localhost:4200/@vite/client:985
[15101926ms] [ERROR] WebSocket connection to 'ws://localhost:4200/' failed: Error in connection establishment: net::ERR_CONNECTION_REFUSED @ http://localhost:4200/@vite/client:985
[15215182ms] [ERROR] WebSocket connection to 'ws://localhost:4200/' failed: Error in connection establishment: net::ERR_CONNECTION_REFUSED @ http://localhost:4200/@vite/client:985
[15218353ms] [ERROR] WebSocket connection to 'ws://localhost:4200/' failed: Error in connection establishment: net::ERR_CONNECTION_REFUSED @ http://localhost:4200/@vite/client:985
[15223192ms] [ERROR] WebSocket connection to 'ws://localhost:4200/' failed: Error in connection establishment: net::ERR_CONNECTION_REFUSED @ http://localhost:4200/@vite/client:985
[15226680ms] [ERROR] WebSocket connection to 'ws://localhost:4200/' failed: Error in connection establishment: net::ERR_CONNECTION_REFUSED @ http://localhost:4200/@vite/client:985
[15231664ms] [ERROR] WebSocket connection to 'ws://localhost:4200/' failed: Error in connection establishment: net::ERR_CONNECTION_REFUSED @ http://localhost:4200/@vite/client:985
[15236205ms] [ERROR] WebSocket connection to 'ws://localhost:4200/' failed: Error in connection establishment: net::ERR_CONNECTION_REFUSED @ http://localhost:4200/@vite/client:985
[15239741ms] [ERROR] WebSocket connection to 'ws://localhost:4200/' failed: Error in connection establishment: net::ERR_CONNECTION_REFUSED @ http://localhost:4200/@vite/client:985
[15243853ms] [ERROR] WebSocket connection to 'ws://localhost:4200/' failed: Error in connection establishment: net::ERR_CONNECTION_REFUSED @ http://localhost:4200/@vite/client:985
[15246906ms] [ERROR] WebSocket connection to 'ws://localhost:4200/' failed: Error in connection establishment: net::ERR_CONNECTION_REFUSED @ http://localhost:4200/@vite/client:985
[15249862ms] [ERROR] WebSocket connection to 'ws://localhost:4200/' failed: Error in connection establishment: net::ERR_CONNECTION_REFUSED @ http://localhost:4200/@vite/client:985
[15252446ms] [ERROR] WebSocket connection to 'ws://localhost:4200/' failed: Error in connection establishment: net::ERR_CONNECTION_REFUSED @ http://localhost:4200/@vite/client:985
[15254520ms] [ERROR] WebSocket connection to 'ws://localhost:4200/' failed: Error in connection establishment: net::ERR_CONNECTION_REFUSED @ http://localhost:4200/@vite/client:985
[15256974ms] [ERROR] WebSocket connection to 'ws://localhost:4200/' failed: Error in connection establishment: net::ERR_CONNECTION_REFUSED @ http://localhost:4200/@vite/client:985
[15260073ms] [ERROR] WebSocket connection to 'ws://localhost:4200/' failed: Error in connection establishment: net::ERR_CONNECTION_REFUSED @ http://localhost:4200/@vite/client:985
[15264426ms] [ERROR] WebSocket connection to 'ws://localhost:4200/' failed: Error in connection establishment: net::ERR_CONNECTION_REFUSED @ http://localhost:4200/@vite/client:985
[15269731ms] [ERROR] WebSocket connection to 'ws://localhost:4200/' failed: Error in connection establishment: net::ERR_CONNECTION_REFUSED @ http://localhost:4200/@vite/client:985
[15273540ms] [ERROR] WebSocket connection to 'ws://localhost:4200/' failed: Error in connection establishment: net::ERR_CONNECTION_REFUSED @ http://localhost:4200/@vite/client:985
[15279369ms] [ERROR] WebSocket connection to 'ws://localhost:4200/' failed: Error in connection establishment: net::ERR_CONNECTION_REFUSED @ http://localhost:4200/@vite/client:985
[15282267ms] [ERROR] WebSocket connection to 'ws://localhost:4200/' failed: Error in connection establishment: net::ERR_CONNECTION_REFUSED @ http://localhost:4200/@vite/client:985
[15285707ms] [ERROR] WebSocket connection to 'ws://localhost:4200/' failed: Error in connection establishment: net::ERR_CONNECTION_REFUSED @ http://localhost:4200/@vite/client:985
[15289432ms] [ERROR] WebSocket connection to 'ws://localhost:4200/' failed: Error in connection establishment: net::ERR_CONNECTION_REFUSED @ http://localhost:4200/@vite/client:985
[15293694ms] [ERROR] WebSocket connection to 'ws://localhost:4200/' failed: Error in connection establishment: net::ERR_CONNECTION_REFUSED @ http://localhost:4200/@vite/client:985
[15299032ms] [ERROR] WebSocket connection to 'ws://localhost:4200/' failed: Error in connection establishment: net::ERR_CONNECTION_REFUSED @ http://localhost:4200/@vite/client:985
[15303569ms] [ERROR] WebSocket connection to 'ws://localhost:4200/' failed: Error in connection establishment: net::ERR_CONNECTION_REFUSED @ http://localhost:4200/@vite/client:985
[15308271ms] [ERROR] WebSocket connection to 'ws://localhost:4200/' failed: Error in connection establishment: net::ERR_CONNECTION_REFUSED @ http://localhost:4200/@vite/client:985
[15310709ms] [ERROR] WebSocket connection to 'ws://localhost:4200/' failed: Error in connection establishment: net::ERR_CONNECTION_REFUSED @ http://localhost:4200/@vite/client:985
[15313236ms] [ERROR] WebSocket connection to 'ws://localhost:4200/' failed: Error in connection establishment: net::ERR_CONNECTION_REFUSED @ http://localhost:4200/@vite/client:985
[15319076ms] [ERROR] WebSocket connection to 'ws://localhost:4200/' failed: Error in connection establishment: net::ERR_CONNECTION_REFUSED @ http://localhost:4200/@vite/client:985
[15321132ms] [ERROR] WebSocket connection to 'ws://localhost:4200/' failed: Error in connection establishment: net::ERR_CONNECTION_REFUSED @ http://localhost:4200/@vite/client:985
[15323344ms] [ERROR] WebSocket connection to 'ws://localhost:4200/' failed: Error in connection establishment: net::ERR_CONNECTION_REFUSED @ http://localhost:4200/@vite/client:985
[15327142ms] [ERROR] WebSocket connection to 'ws://localhost:4200/' failed: Error in connection establishment: net::ERR_CONNECTION_REFUSED @ http://localhost:4200/@vite/client:985
[15330591ms] [ERROR] WebSocket connection to 'ws://localhost:4200/' failed: Error in connection establishment: net::ERR_CONNECTION_REFUSED @ http://localhost:4200/@vite/client:985
[15335950ms] [ERROR] WebSocket connection to 'ws://localhost:4200/' failed: Error in connection establishment: net::ERR_CONNECTION_REFUSED @ http://localhost:4200/@vite/client:985
[15402763ms] [ERROR] WebSocket connection to 'ws://localhost:4200/' failed: Error in connection establishment: net::ERR_CONNECTION_REFUSED @ http://localhost:4200/@vite/client:985
[15405469ms] [ERROR] WebSocket connection to 'ws://localhost:4200/' failed: Error in connection establishment: net::ERR_CONNECTION_REFUSED @ http://localhost:4200/@vite/client:985
[15409707ms] [ERROR] WebSocket connection to 'ws://localhost:4200/' failed: Error in connection establishment: net::ERR_CONNECTION_REFUSED @ http://localhost:4200/@vite/client:985
[15413825ms] [ERROR] WebSocket connection to 'ws://localhost:4200/' failed: Error in connection establishment: net::ERR_CONNECTION_REFUSED @ http://localhost:4200/@vite/client:985
[15416592ms] [ERROR] WebSocket connection to 'ws://localhost:4200/' failed: Error in connection establishment: net::ERR_CONNECTION_REFUSED @ http://localhost:4200/@vite/client:985
[15421332ms] [ERROR] WebSocket connection to 'ws://localhost:4200/' failed: Error in connection establishment: net::ERR_CONNECTION_REFUSED @ http://localhost:4200/@vite/client:985
[15426716ms] [ERROR] WebSocket connection to 'ws://localhost:4200/' failed: Error in connection establishment: net::ERR_CONNECTION_REFUSED @ http://localhost:4200/@vite/client:985
[15428902ms] [ERROR] WebSocket connection to 'ws://localhost:4200/' failed: Error in connection establishment: net::ERR_CONNECTION_REFUSED @ http://localhost:4200/@vite/client:985
[15434362ms] [ERROR] WebSocket connection to 'ws://localhost:4200/' failed: Error in connection establishment: net::ERR_CONNECTION_REFUSED @ http://localhost:4200/@vite/client:985
[15437964ms] [ERROR] WebSocket connection to 'ws://localhost:4200/' failed: Error in connection establishment: net::ERR_CONNECTION_REFUSED @ http://localhost:4200/@vite/client:985
[15442091ms] [ERROR] WebSocket connection to 'ws://localhost:4200/' failed: Error in connection establishment: net::ERR_CONNECTION_REFUSED @ http://localhost:4200/@vite/client:985
[15445937ms] [ERROR] WebSocket connection to 'ws://localhost:4200/' failed: Error in connection establishment: net::ERR_CONNECTION_REFUSED @ http://localhost:4200/@vite/client:985
[15450440ms] [ERROR] WebSocket connection to 'ws://localhost:4200/' failed: Error in connection establishment: net::ERR_CONNECTION_REFUSED @ http://localhost:4200/@vite/client:985
[15453502ms] [ERROR] WebSocket connection to 'ws://localhost:4200/' failed: Error in connection establishment: net::ERR_CONNECTION_REFUSED @ http://localhost:4200/@vite/client:985
[15456163ms] [ERROR] WebSocket connection to 'ws://localhost:4200/' failed: Error in connection establishment: net::ERR_CONNECTION_REFUSED @ http://localhost:4200/@vite/client:985
[15461776ms] [ERROR] WebSocket connection to 'ws://localhost:4200/' failed: Error in connection establishment: net::ERR_CONNECTION_REFUSED @ http://localhost:4200/@vite/client:985
[15465542ms] [ERROR] WebSocket connection to 'ws://localhost:4200/' failed: Error in connection establishment: net::ERR_CONNECTION_REFUSED @ http://localhost:4200/@vite/client:985
[15471418ms] [ERROR] WebSocket connection to 'ws://localhost:4200/' failed: Error in connection establishment: net::ERR_CONNECTION_REFUSED @ http://localhost:4200/@vite/client:985
[15475461ms] [ERROR] WebSocket connection to 'ws://localhost:4200/' failed: Error in connection establishment: net::ERR_CONNECTION_REFUSED @ http://localhost:4200/@vite/client:985
[15480287ms] [ERROR] WebSocket connection to 'ws://localhost:4200/' failed: Error in connection establishment: net::ERR_CONNECTION_REFUSED @ http://localhost:4200/@vite/client:985
[15485594ms] [ERROR] WebSocket connection to 'ws://localhost:4200/' failed: Error in connection establishment: net::ERR_CONNECTION_REFUSED @ http://localhost:4200/@vite/client:985
[15487814ms] [ERROR] WebSocket connection to 'ws://localhost:4200/' failed: Error in connection establishment: net::ERR_CONNECTION_REFUSED @ http://localhost:4200/@vite/client:985
[15490324ms] [ERROR] WebSocket connection to 'ws://localhost:4200/' failed: Error in connection establishment: net::ERR_CONNECTION_REFUSED @ http://localhost:4200/@vite/client:985
[15495676ms] [ERROR] WebSocket connection to 'ws://localhost:4200/' failed: Error in connection establishment: net::ERR_CONNECTION_REFUSED @ http://localhost:4200/@vite/client:985
[15499274ms] [ERROR] WebSocket connection to 'ws://localhost:4200/' failed: Error in connection establishment: net::ERR_CONNECTION_REFUSED @ http://localhost:4200/@vite/client:985
[15503539ms] [ERROR] WebSocket connection to 'ws://localhost:4200/' failed: Error in connection establishment: net::ERR_CONNECTION_REFUSED @ http://localhost:4200/@vite/client:985
[15508623ms] [ERROR] WebSocket connection to 'ws://localhost:4200/' failed: Error in connection establishment: net::ERR_CONNECTION_REFUSED @ http://localhost:4200/@vite/client:985
[15514526ms] [ERROR] WebSocket connection to 'ws://localhost:4200/' failed: Error in connection establishment: net::ERR_CONNECTION_REFUSED @ http://localhost:4200/@vite/client:985
[15517188ms] [ERROR] WebSocket connection to 'ws://localhost:4200/' failed: Error in connection establishment: net::ERR_CONNECTION_REFUSED @ http://localhost:4200/@vite/client:985
[15520313ms] [ERROR] WebSocket connection to 'ws://localhost:4200/' failed: Error in connection establishment: net::ERR_CONNECTION_REFUSED @ http://localhost:4200/@vite/client:985
[16209366ms] [ERROR] WebSocket connection to 'ws://localhost:4200/' failed: Error in connection establishment: net::ERR_CONNECTION_REFUSED @ http://localhost:4200/@vite/client:985
[16213865ms] [ERROR] WebSocket connection to 'ws://localhost:4200/' failed: Error in connection establishment: net::ERR_CONNECTION_REFUSED @ http://localhost:4200/@vite/client:985
[16218966ms] [ERROR] WebSocket connection to 'ws://localhost:4200/' failed: Error in connection establishment: net::ERR_CONNECTION_REFUSED @ http://localhost:4200/@vite/client:985
[16224360ms] [ERROR] WebSocket connection to 'ws://localhost:4200/' failed: Error in connection establishment: net::ERR_CONNECTION_REFUSED @ http://localhost:4200/@vite/client:985
[16230292ms] [ERROR] WebSocket connection to 'ws://localhost:4200/' failed: Error in connection establishment: net::ERR_CONNECTION_REFUSED @ http://localhost:4200/@vite/client:985
[16233960ms] [ERROR] WebSocket connection to 'ws://localhost:4200/' failed: Error in connection establishment: net::ERR_CONNECTION_REFUSED @ http://localhost:4200/@vite/client:985
[16238549ms] [ERROR] WebSocket connection to 'ws://localhost:4200/' failed: Error in connection establishment: net::ERR_CONNECTION_REFUSED @ http://localhost:4200/@vite/client:985
[16242333ms] [ERROR] WebSocket connection to 'ws://localhost:4200/' failed: Error in connection establishment: net::ERR_CONNECTION_REFUSED @ http://localhost:4200/@vite/client:985
[16247709ms] [ERROR] WebSocket connection to 'ws://localhost:4200/' failed: Error in connection establishment: net::ERR_CONNECTION_REFUSED @ http://localhost:4200/@vite/client:985
[16252746ms] [ERROR] WebSocket connection to 'ws://localhost:4200/' failed: Error in connection establishment: net::ERR_CONNECTION_REFUSED @ http://localhost:4200/@vite/client:985
[17200267ms] [ERROR] WebSocket connection to 'ws://localhost:4200/' failed: Error in connection establishment: net::ERR_CONNECTION_REFUSED @ http://localhost:4200/@vite/client:985
[18185146ms] [ERROR] WebSocket connection to 'ws://localhost:4200/' failed: Error in connection establishment: net::ERR_CONNECTION_REFUSED @ http://localhost:4200/@vite/client:985
[18188433ms] [ERROR] WebSocket connection to 'ws://localhost:4200/' failed: Error in connection establishment: net::ERR_CONNECTION_REFUSED @ http://localhost:4200/@vite/client:985
[19164621ms] [ERROR] WebSocket connection to 'ws://localhost:4200/' failed: Error in connection establishment: net::ERR_CONNECTION_REFUSED @ http://localhost:4200/@vite/client:985
[19168979ms] [ERROR] WebSocket connection to 'ws://localhost:4200/' failed: Error in connection establishment: net::ERR_CONNECTION_REFUSED @ http://localhost:4200/@vite/client:985
[19203654ms] [ERROR] WebSocket connection to 'ws://localhost:4200/' failed: Error in connection establishment: net::ERR_CONNECTION_REFUSED @ http://localhost:4200/@vite/client:985
[19205756ms] [ERROR] WebSocket connection to 'ws://localhost:4200/' failed: Error in connection establishment: net::ERR_CONNECTION_REFUSED @ http://localhost:4200/@vite/client:985
[19210968ms] [ERROR] WebSocket connection to 'ws://localhost:4200/' failed: Error in connection establishment: net::ERR_CONNECTION_REFUSED @ http://localhost:4200/@vite/client:985
[19216670ms] [ERROR] WebSocket connection to 'ws://localhost:4200/' failed: Error in connection establishment: net::ERR_CONNECTION_REFUSED @ http://localhost:4200/@vite/client:985
[19220305ms] [ERROR] WebSocket connection to 'ws://localhost:4200/' failed: Error in connection establishment: net::ERR_CONNECTION_REFUSED @ http://localhost:4200/@vite/client:985
[19222537ms] [ERROR] WebSocket connection to 'ws://localhost:4200/' failed: Error in connection establishment: net::ERR_CONNECTION_REFUSED @ http://localhost:4200/@vite/client:985
[19226559ms] [ERROR] WebSocket connection to 'ws://localhost:4200/' failed: Error in connection establishment: net::ERR_CONNECTION_REFUSED @ http://localhost:4200/@vite/client:985
[19233137ms] [ERROR] WebSocket connection to 'ws://localhost:4200/' failed: Error in connection establishment: net::ERR_CONNECTION_REFUSED @ http://localhost:4200/@vite/client:985
[19238758ms] [ERROR] WebSocket connection to 'ws://localhost:4200/' failed: Error in connection establishment: net::ERR_CONNECTION_REFUSED @ http://localhost:4200/@vite/client:985
[19241751ms] [ERROR] WebSocket connection to 'ws://localhost:4200/' failed: Error in connection establishment: net::ERR_CONNECTION_REFUSED @ http://localhost:4200/@vite/client:985
[19247609ms] [ERROR] WebSocket connection to 'ws://localhost:4200/' failed: Error in connection establishment: net::ERR_CONNECTION_REFUSED @ http://localhost:4200/@vite/client:985
[19590474ms] [ERROR] WebSocket connection to 'ws://localhost:4200/' failed: Error in connection establishment: net::ERR_CONNECTION_REFUSED @ http://localhost:4200/@vite/client:985
[19595752ms] [ERROR] WebSocket connection to 'ws://localhost:4200/' failed: Error in connection establishment: net::ERR_CONNECTION_REFUSED @ http://localhost:4200/@vite/client:985
[19601183ms] [ERROR] WebSocket connection to 'ws://localhost:4200/' failed: Error in connection establishment: net::ERR_CONNECTION_REFUSED @ http://localhost:4200/@vite/client:985
[19606982ms] [ERROR] WebSocket connection to 'ws://localhost:4200/' failed: Error in connection establishment: net::ERR_CONNECTION_REFUSED @ http://localhost:4200/@vite/client:985
[19611818ms] [ERROR] WebSocket connection to 'ws://localhost:4200/' failed: Error in connection establishment: net::ERR_CONNECTION_REFUSED @ http://localhost:4200/@vite/client:985
[19615766ms] [ERROR] WebSocket connection to 'ws://localhost:4200/' failed: Error in connection establishment: net::ERR_CONNECTION_REFUSED @ http://localhost:4200/@vite/client:985
[19619019ms] [ERROR] WebSocket connection to 'ws://localhost:4200/' failed: Error in connection establishment: net::ERR_CONNECTION_REFUSED @ http://localhost:4200/@vite/client:985
[19623261ms] [ERROR] WebSocket connection to 'ws://localhost:4200/' failed: Error in connection establishment: net::ERR_CONNECTION_REFUSED @ http://localhost:4200/@vite/client:985
[19627661ms] [ERROR] WebSocket connection to 'ws://localhost:4200/' failed: Error in connection establishment: net::ERR_CONNECTION_REFUSED @ http://localhost:4200/@vite/client:985
[19632316ms] [ERROR] WebSocket connection to 'ws://localhost:4200/' failed: Error in connection establishment: net::ERR_CONNECTION_REFUSED @ http://localhost:4200/@vite/client:985
[19869981ms] [ERROR] WebSocket connection to 'ws://localhost:4200/' failed: Error in connection establishment: net::ERR_CONNECTION_REFUSED @ http://localhost:4200/@vite/client:985
[19875467ms] [ERROR] WebSocket connection to 'ws://localhost:4200/' failed: Error in connection establishment: net::ERR_CONNECTION_REFUSED @ http://localhost:4200/@vite/client:985
[19878613ms] [ERROR] WebSocket connection to 'ws://localhost:4200/' failed: Error in connection establishment: net::ERR_CONNECTION_REFUSED @ http://localhost:4200/@vite/client:985
[19882715ms] [ERROR] WebSocket connection to 'ws://localhost:4200/' failed: Error in connection establishment: net::ERR_CONNECTION_REFUSED @ http://localhost:4200/@vite/client:985
[19886501ms] [ERROR] WebSocket connection to 'ws://localhost:4200/' failed: Error in connection establishment: net::ERR_CONNECTION_REFUSED @ http://localhost:4200/@vite/client:985
[19891966ms] [ERROR] WebSocket connection to 'ws://localhost:4200/' failed: Error in connection establishment: net::ERR_CONNECTION_REFUSED @ http://localhost:4200/@vite/client:985
[19894823ms] [ERROR] WebSocket connection to 'ws://localhost:4200/' failed: Error in connection establishment: net::ERR_CONNECTION_REFUSED @ http://localhost:4200/@vite/client:985
[19898852ms] [ERROR] WebSocket connection to 'ws://localhost:4200/' failed: Error in connection establishment: net::ERR_CONNECTION_REFUSED @ http://localhost:4200/@vite/client:985
[19902516ms] [ERROR] WebSocket connection to 'ws://localhost:4200/' failed: Error in connection establishment: net::ERR_CONNECTION_REFUSED @ http://localhost:4200/@vite/client:985
[19908029ms] [ERROR] WebSocket connection to 'ws://localhost:4200/' failed: Error in connection establishment: net::ERR_CONNECTION_REFUSED @ http://localhost:4200/@vite/client:985
[19913233ms] [ERROR] WebSocket connection to 'ws://localhost:4200/' failed: Error in connection establishment: net::ERR_CONNECTION_REFUSED @ http://localhost:4200/@vite/client:985
[20829431ms] [ERROR] WebSocket connection to 'ws://localhost:4200/' failed: Error in connection establishment: net::ERR_CONNECTION_REFUSED @ http://localhost:4200/@vite/client:985
[20831673ms] [ERROR] WebSocket connection to 'ws://localhost:4200/' failed: Error in connection establishment: net::ERR_CONNECTION_REFUSED @ http://localhost:4200/@vite/client:985
[21847294ms] [ERROR] WebSocket connection to 'ws://localhost:4200/' failed: Error in connection establishment: net::ERR_CONNECTION_REFUSED @ http://localhost:4200/@vite/client:985
[22785182ms] [ERROR] WebSocket connection to 'ws://localhost:4200/' failed: Error in connection establishment: net::ERR_CONNECTION_REFUSED @ http://localhost:4200/@vite/client:985
[23529174ms] [ERROR] WebSocket connection to 'ws://localhost:4200/' failed: Error in connection establishment: net::ERR_CONNECTION_REFUSED @ http://localhost:4200/@vite/client:985
[23531333ms] [ERROR] WebSocket connection to 'ws://localhost:4200/' failed: Error in connection establishment: net::ERR_CONNECTION_REFUSED @ http://localhost:4200/@vite/client:985
[23535737ms] [ERROR] WebSocket connection to 'ws://localhost:4200/' failed: Error in connection establishment: net::ERR_CONNECTION_REFUSED @ http://localhost:4200/@vite/client:985
[23538071ms] [ERROR] WebSocket connection to 'ws://localhost:4200/' failed: Error in connection establishment: net::ERR_CONNECTION_REFUSED @ http://localhost:4200/@vite/client:985
[23541471ms] [ERROR] WebSocket connection to 'ws://localhost:4200/' failed: Error in connection establishment: net::ERR_CONNECTION_REFUSED @ http://localhost:4200/@vite/client:985
[23547100ms] [ERROR] WebSocket connection to 'ws://localhost:4200/' failed: Error in connection establishment: net::ERR_CONNECTION_REFUSED @ http://localhost:4200/@vite/client:985
[23552852ms] [ERROR] WebSocket connection to 'ws://localhost:4200/' failed: Error in connection establishment: net::ERR_CONNECTION_REFUSED @ http://localhost:4200/@vite/client:985
[23557099ms] [ERROR] WebSocket connection to 'ws://localhost:4200/' failed: Error in connection establishment: net::ERR_CONNECTION_REFUSED @ http://localhost:4200/@vite/client:985
[23560075ms] [ERROR] WebSocket connection to 'ws://localhost:4200/' failed: Error in connection establishment: net::ERR_CONNECTION_REFUSED @ http://localhost:4200/@vite/client:985
[23564099ms] [ERROR] WebSocket connection to 'ws://localhost:4200/' failed: Error in connection establishment: net::ERR_CONNECTION_REFUSED @ http://localhost:4200/@vite/client:985
[23568276ms] [ERROR] WebSocket connection to 'ws://localhost:4200/' failed: Error in connection establishment: net::ERR_CONNECTION_REFUSED @ http://localhost:4200/@vite/client:985
[23572243ms] [ERROR] WebSocket connection to 'ws://localhost:4200/' failed: Error in connection establishment: net::ERR_CONNECTION_REFUSED @ http://localhost:4200/@vite/client:985
[24506705ms] [ERROR] WebSocket connection to 'ws://localhost:4200/' failed: Error in connection establishment: net::ERR_CONNECTION_REFUSED @ http://localhost:4200/@vite/client:985
[24511109ms] [ERROR] WebSocket connection to 'ws://localhost:4200/' failed: Error in connection establishment: net::ERR_CONNECTION_REFUSED @ http://localhost:4200/@vite/client:985
[25589425ms] [ERROR] WebSocket connection to 'ws://localhost:4200/' failed: Error in connection establishment: net::ERR_CONNECTION_REFUSED @ http://localhost:4200/@vite/client:985
[26666927ms] [ERROR] WebSocket connection to 'ws://localhost:4200/' failed: Error in connection establishment: net::ERR_CONNECTION_REFUSED @ http://localhost:4200/@vite/client:985
[27191088ms] [ERROR] WebSocket connection to 'ws://localhost:4200/' failed: Error in connection establishment: net::ERR_CONNECTION_REFUSED @ http://localhost:4200/@vite/client:985
[27194195ms] [ERROR] WebSocket connection to 'ws://localhost:4200/' failed: Error in connection establishment: net::ERR_CONNECTION_REFUSED @ http://localhost:4200/@vite/client:985
[27197070ms] [ERROR] WebSocket connection to 'ws://localhost:4200/' failed: Error in connection establishment: net::ERR_CONNECTION_REFUSED @ http://localhost:4200/@vite/client:985
[27202205ms] [ERROR] WebSocket connection to 'ws://localhost:4200/' failed: Error in connection establishment: net::ERR_CONNECTION_REFUSED @ http://localhost:4200/@vite/client:985
[27207081ms] [ERROR] WebSocket connection to 'ws://localhost:4200/' failed: Error in connection establishment: net::ERR_CONNECTION_REFUSED @ http://localhost:4200/@vite/client:985
[27210911ms] [ERROR] WebSocket connection to 'ws://localhost:4200/' failed: Error in connection establishment: net::ERR_CONNECTION_REFUSED @ http://localhost:4200/@vite/client:985
[27211919ms] [ERROR] WebSocket connection to 'ws://localhost:4200/' failed: Error in connection establishment: net::ERR_CONNECTION_REFUSED @ http://localhost:4200/@vite/client:985
[27212926ms] [ERROR] WebSocket connection to 'ws://localhost:4200/' failed: Error in connection establishment: net::ERR_CONNECTION_REFUSED @ http://localhost:4200/@vite/client:985
[27213931ms] [ERROR] WebSocket connection to 'ws://localhost:4200/' failed: Error in connection establishment: net::ERR_CONNECTION_REFUSED @ http://localhost:4200/@vite/client:985
[27214939ms] [ERROR] WebSocket connection to 'ws://localhost:4200/' failed: Error in connection establishment: net::ERR_CONNECTION_REFUSED @ http://localhost:4200/@vite/client:985
[27215947ms] [ERROR] WebSocket connection to 'ws://localhost:4200/' failed: Error in connection establishment: net::ERR_CONNECTION_REFUSED @ http://localhost:4200/@vite/client:985
[27216956ms] [ERROR] WebSocket connection to 'ws://localhost:4200/' failed: Error in connection establishment: net::ERR_CONNECTION_REFUSED @ http://localhost:4200/@vite/client:985
[27217967ms] [ERROR] WebSocket connection to 'ws://localhost:4200/' failed: Error in connection establishment: net::ERR_CONNECTION_REFUSED @ http://localhost:4200/@vite/client:985
[27218983ms] [ERROR] WebSocket connection to 'ws://localhost:4200/' failed: Error in connection establishment: net::ERR_CONNECTION_REFUSED @ http://localhost:4200/@vite/client:985
[27220018ms] [ERROR] WebSocket connection to 'ws://localhost:4200/' failed: Error in connection establishment: net::ERR_CONNECTION_REFUSED @ http://localhost:4200/@vite/client:985
[27221049ms] [ERROR] WebSocket connection to 'ws://localhost:4200/' failed: Error in connection establishment: net::ERR_CONNECTION_REFUSED @ http://localhost:4200/@vite/client:985
[27222184ms] [ERROR] WebSocket connection to 'ws://localhost:4200/' failed: Error in connection establishment: net::ERR_CONNECTION_REFUSED @ http://localhost:4200/@vite/client:985
[27223310ms] [ERROR] WebSocket connection to 'ws://localhost:4200/' failed: Error in connection establishment: net::ERR_CONNECTION_REFUSED @ http://localhost:4200/@vite/client:985
[27224617ms] [ERROR] WebSocket connection to 'ws://localhost:4200/' failed: Error in connection establishment: net::ERR_CONNECTION_REFUSED @ http://localhost:4200/@vite/client:985
[27226715ms] [ERROR] WebSocket connection to 'ws://localhost:4200/' failed: Error in connection establishment: net::ERR_CONNECTION_REFUSED @ http://localhost:4200/@vite/client:985
[27228939ms] [ERROR] WebSocket connection to 'ws://localhost:4200/' failed: Error in connection establishment: net::ERR_CONNECTION_REFUSED @ http://localhost:4200/@vite/client:985
[27233719ms] [ERROR] WebSocket connection to 'ws://localhost:4200/' failed: Error in connection establishment: net::ERR_CONNECTION_REFUSED @ http://localhost:4200/@vite/client:985
[28313511ms] [ERROR] WebSocket connection to 'ws://localhost:4200/' failed: Error in connection establishment: net::ERR_CONNECTION_REFUSED @ http://localhost:4200/@vite/client:985
[28828218ms] [ERROR] WebSocket connection to 'ws://localhost:4200/' failed: Error in connection establishment: net::ERR_CONNECTION_REFUSED @ http://localhost:4200/@vite/client:985
[28830800ms] [ERROR] WebSocket connection to 'ws://localhost:4200/' failed: Error in connection establishment: net::ERR_CONNECTION_REFUSED @ http://localhost:4200/@vite/client:985
[28834978ms] [ERROR] WebSocket connection to 'ws://localhost:4200/' failed: Error in connection establishment: net::ERR_CONNECTION_REFUSED @ http://localhost:4200/@vite/client:985
[28839189ms] [ERROR] WebSocket connection to 'ws://localhost:4200/' failed: Error in connection establishment: net::ERR_CONNECTION_REFUSED @ http://localhost:4200/@vite/client:985
[28843110ms] [ERROR] WebSocket connection to 'ws://localhost:4200/' failed: Error in connection establishment: net::ERR_CONNECTION_REFUSED @ http://localhost:4200/@vite/client:985
[28847927ms] [ERROR] WebSocket connection to 'ws://localhost:4200/' failed: Error in connection establishment: net::ERR_CONNECTION_REFUSED @ http://localhost:4200/@vite/client:985
[28853032ms] [ERROR] WebSocket connection to 'ws://localhost:4200/' failed: Error in connection establishment: net::ERR_CONNECTION_REFUSED @ http://localhost:4200/@vite/client:985
[28858954ms] [ERROR] WebSocket connection to 'ws://localhost:4200/' failed: Error in connection establishment: net::ERR_CONNECTION_REFUSED @ http://localhost:4200/@vite/client:985
[28864097ms] [ERROR] WebSocket connection to 'ws://localhost:4200/' failed: Error in connection establishment: net::ERR_CONNECTION_REFUSED @ http://localhost:4200/@vite/client:985
[28866559ms] [ERROR] WebSocket connection to 'ws://localhost:4200/' failed: Error in connection establishment: net::ERR_CONNECTION_REFUSED @ http://localhost:4200/@vite/client:985
[28870652ms] [ERROR] WebSocket connection to 'ws://localhost:4200/' failed: Error in connection establishment: net::ERR_CONNECTION_REFUSED @ http://localhost:4200/@vite/client:985
[29886895ms] [ERROR] WebSocket connection to 'ws://localhost:4200/' failed: Error in connection establishment: net::ERR_CONNECTION_REFUSED @ http://localhost:4200/@vite/client:985
[30495124ms] [ERROR] WebSocket connection to 'ws://localhost:4200/' failed: Error in connection establishment: net::ERR_CONNECTION_REFUSED @ http://localhost:4200/@vite/client:985
[30500584ms] [ERROR] WebSocket connection to 'ws://localhost:4200/' failed: Error in connection establishment: net::ERR_CONNECTION_REFUSED @ http://localhost:4200/@vite/client:985
[30504924ms] [ERROR] WebSocket connection to 'ws://localhost:4200/' failed: Error in connection establishment: net::ERR_CONNECTION_REFUSED @ http://localhost:4200/@vite/client:985
[30508208ms] [ERROR] WebSocket connection to 'ws://localhost:4200/' failed: Error in connection establishment: net::ERR_CONNECTION_REFUSED @ http://localhost:4200/@vite/client:985
[30512361ms] [ERROR] WebSocket connection to 'ws://localhost:4200/' failed: Error in connection establishment: net::ERR_CONNECTION_REFUSED @ http://localhost:4200/@vite/client:985
[30515021ms] [ERROR] WebSocket connection to 'ws://localhost:4200/' failed: Error in connection establishment: net::ERR_CONNECTION_REFUSED @ http://localhost:4200/@vite/client:985
[30518495ms] [ERROR] WebSocket connection to 'ws://localhost:4200/' failed: Error in connection establishment: net::ERR_CONNECTION_REFUSED @ http://localhost:4200/@vite/client:985
[30524408ms] [ERROR] WebSocket connection to 'ws://localhost:4200/' failed: Error in connection establishment: net::ERR_CONNECTION_REFUSED @ http://localhost:4200/@vite/client:985
[30529210ms] [ERROR] WebSocket connection to 'ws://localhost:4200/' failed: Error in connection establishment: net::ERR_CONNECTION_REFUSED @ http://localhost:4200/@vite/client:985
[30533754ms] [ERROR] WebSocket connection to 'ws://localhost:4200/' failed: Error in connection establishment: net::ERR_CONNECTION_REFUSED @ http://localhost:4200/@vite/client:985
[30536020ms] [ERROR] WebSocket connection to 'ws://localhost:4200/' failed: Error in connection establishment: net::ERR_CONNECTION_REFUSED @ http://localhost:4200/@vite/client:985
[30849252ms] [ERROR] WebSocket connection to 'ws://localhost:4200/' failed: Error in connection establishment: net::ERR_CONNECTION_REFUSED @ http://localhost:4200/@vite/client:985
[30851952ms] [ERROR] WebSocket connection to 'ws://localhost:4200/' failed: Error in connection establishment: net::ERR_CONNECTION_REFUSED @ http://localhost:4200/@vite/client:985
[30857382ms] [ERROR] WebSocket connection to 'ws://localhost:4200/' failed: Error in connection establishment: net::ERR_CONNECTION_REFUSED @ http://localhost:4200/@vite/client:985
[30859582ms] [ERROR] WebSocket connection to 'ws://localhost:4200/' failed: Error in connection establishment: net::ERR_CONNECTION_REFUSED @ http://localhost:4200/@vite/client:985
[30863888ms] [ERROR] WebSocket connection to 'ws://localhost:4200/' failed: Error in connection establishment: net::ERR_CONNECTION_REFUSED @ http://localhost:4200/@vite/client:985
[30865924ms] [ERROR] WebSocket connection to 'ws://localhost:4200/' failed: Error in connection establishment: net::ERR_CONNECTION_REFUSED @ http://localhost:4200/@vite/client:985
[30868792ms] [ERROR] WebSocket connection to 'ws://localhost:4200/' failed: Error in connection establishment: net::ERR_CONNECTION_REFUSED @ http://localhost:4200/@vite/client:985
[30873528ms] [ERROR] WebSocket connection to 'ws://localhost:4200/' failed: Error in connection establishment: net::ERR_CONNECTION_REFUSED @ http://localhost:4200/@vite/client:985
[30877398ms] [ERROR] WebSocket connection to 'ws://localhost:4200/' failed: Error in connection establishment: net::ERR_CONNECTION_REFUSED @ http://localhost:4200/@vite/client:985
[30881081ms] [ERROR] WebSocket connection to 'ws://localhost:4200/' failed: Error in connection establishment: net::ERR_CONNECTION_REFUSED @ http://localhost:4200/@vite/client:985
[30885591ms] [ERROR] WebSocket connection to 'ws://localhost:4200/' failed: Error in connection establishment: net::ERR_CONNECTION_REFUSED @ http://localhost:4200/@vite/client:985
[30888734ms] [ERROR] WebSocket connection to 'ws://localhost:4200/' failed: Error in connection establishment: net::ERR_CONNECTION_REFUSED @ http://localhost:4200/@vite/client:985
[30891023ms] [ERROR] WebSocket connection to 'ws://localhost:4200/' failed: Error in connection establishment: net::ERR_CONNECTION_REFUSED @ http://localhost:4200/@vite/client:985
[31151186ms] [ERROR] WebSocket connection to 'ws://localhost:4200/' failed: Error in connection establishment: net::ERR_CONNECTION_REFUSED @ http://localhost:4200/@vite/client:985
[31154863ms] [ERROR] WebSocket connection to 'ws://localhost:4200/' failed: Error in connection establishment: net::ERR_CONNECTION_REFUSED @ http://localhost:4200/@vite/client:985
[31157342ms] [ERROR] WebSocket connection to 'ws://localhost:4200/' failed: Error in connection establishment: net::ERR_CONNECTION_REFUSED @ http://localhost:4200/@vite/client:985
[31163185ms] [ERROR] WebSocket connection to 'ws://localhost:4200/' failed: Error in connection establishment: net::ERR_CONNECTION_REFUSED @ http://localhost:4200/@vite/client:985
[31168067ms] [ERROR] WebSocket connection to 'ws://localhost:4200/' failed: Error in connection establishment: net::ERR_CONNECTION_REFUSED @ http://localhost:4200/@vite/client:985
[31170911ms] [ERROR] WebSocket connection to 'ws://localhost:4200/' failed: Error in connection establishment: net::ERR_CONNECTION_REFUSED @ http://localhost:4200/@vite/client:985
[31174637ms] [ERROR] WebSocket connection to 'ws://localhost:4200/' failed: Error in connection establishment: net::ERR_CONNECTION_REFUSED @ http://localhost:4200/@vite/client:985
[31179469ms] [ERROR] WebSocket connection to 'ws://localhost:4200/' failed: Error in connection establishment: net::ERR_CONNECTION_REFUSED @ http://localhost:4200/@vite/client:985
[31183800ms] [ERROR] WebSocket connection to 'ws://localhost:4200/' failed: Error in connection establishment: net::ERR_CONNECTION_REFUSED @ http://localhost:4200/@vite/client:985
[31186251ms] [ERROR] WebSocket connection to 'ws://localhost:4200/' failed: Error in connection establishment: net::ERR_CONNECTION_REFUSED @ http://localhost:4200/@vite/client:985
[31191630ms] [ERROR] WebSocket connection to 'ws://localhost:4200/' failed: Error in connection establishment: net::ERR_CONNECTION_REFUSED @ http://localhost:4200/@vite/client:985
[31195181ms] [ERROR] WebSocket connection to 'ws://localhost:4200/' failed: Error in connection establishment: net::ERR_CONNECTION_REFUSED @ http://localhost:4200/@vite/client:985
[32206283ms] [ERROR] WebSocket connection to 'ws://localhost:4200/' failed: Error in connection establishment: net::ERR_CONNECTION_REFUSED @ http://localhost:4200/@vite/client:985
[33157421ms] [ERROR] WebSocket connection to 'ws://localhost:4200/' failed: Error in connection establishment: net::ERR_CONNECTION_REFUSED @ http://localhost:4200/@vite/client:985
[33331056ms] [ERROR] WebSocket connection to 'ws://localhost:4200/' failed: Error in connection establishment: net::ERR_CONNECTION_REFUSED @ http://localhost:4200/@vite/client:985
[33336112ms] [ERROR] WebSocket connection to 'ws://localhost:4200/' failed: Error in connection establishment: net::ERR_CONNECTION_REFUSED @ http://localhost:4200/@vite/client:985
[33337153ms] [ERROR] WebSocket connection to 'ws://localhost:4200/' failed: Error in connection establishment: net::ERR_CONNECTION_REFUSED @ http://localhost:4200/@vite/client:985
[33338356ms] [ERROR] WebSocket connection to 'ws://localhost:4200/' failed: Error in connection establishment: net::ERR_CONNECTION_REFUSED @ http://localhost:4200/@vite/client:985
[33339674ms] [ERROR] WebSocket connection to 'ws://localhost:4200/' failed: Error in connection establishment: net::ERR_CONNECTION_REFUSED @ http://localhost:4200/@vite/client:985
[33341075ms] [ERROR] WebSocket connection to 'ws://localhost:4200/' failed: Error in connection establishment: net::ERR_CONNECTION_REFUSED @ http://localhost:4200/@vite/client:985
[33342701ms] [ERROR] WebSocket connection to 'ws://localhost:4200/' failed: Error in connection establishment: net::ERR_CONNECTION_REFUSED @ http://localhost:4200/@vite/client:985
[33344005ms] [ERROR] WebSocket connection to 'ws://localhost:4200/' failed: Error in connection establishment: net::ERR_CONNECTION_REFUSED @ http://localhost:4200/@vite/client:985
[33345028ms] [ERROR] WebSocket connection to 'ws://localhost:4200/' failed: Error in connection establishment: net::ERR_CONNECTION_REFUSED @ http://localhost:4200/@vite/client:985
[33346053ms] [ERROR] WebSocket connection to 'ws://localhost:4200/' failed: Error in connection establishment: net::ERR_CONNECTION_REFUSED @ http://localhost:4200/@vite/client:985
[33348182ms] [ERROR] WebSocket connection to 'ws://localhost:4200/' failed: Error in connection establishment: net::ERR_CONNECTION_REFUSED @ http://localhost:4200/@vite/client:985
[33349255ms] [ERROR] WebSocket connection to 'ws://localhost:4200/' failed: Error in connection establishment: net::ERR_CONNECTION_REFUSED @ http://localhost:4200/@vite/client:985
[33350376ms] [ERROR] WebSocket connection to 'ws://localhost:4200/' failed: Error in connection establishment: net::ERR_CONNECTION_REFUSED @ http://localhost:4200/@vite/client:985
[33351510ms] [ERROR] WebSocket connection to 'ws://localhost:4200/' failed: Error in connection establishment: net::ERR_CONNECTION_REFUSED @ http://localhost:4200/@vite/client:985
[33352872ms] [ERROR] WebSocket connection to 'ws://localhost:4200/' failed: Error in connection establishment: net::ERR_CONNECTION_REFUSED @ http://localhost:4200/@vite/client:985
[33354940ms] [ERROR] WebSocket connection to 'ws://localhost:4200/' failed: Error in connection establishment: net::ERR_CONNECTION_REFUSED @ http://localhost:4200/@vite/client:985
[33359913ms] [ERROR] WebSocket connection to 'ws://localhost:4200/' failed: Error in connection establishment: net::ERR_CONNECTION_REFUSED @ http://localhost:4200/@vite/client:985
[33362072ms] [ERROR] WebSocket connection to 'ws://localhost:4200/' failed: Error in connection establishment: net::ERR_CONNECTION_REFUSED @ http://localhost:4200/@vite/client:985
[33364081ms] [ERROR] WebSocket connection to 'ws://localhost:4200/' failed: Error in connection establishment: net::ERR_CONNECTION_REFUSED @ http://localhost:4200/@vite/client:985
[33369974ms] [ERROR] WebSocket connection to 'ws://localhost:4200/' failed: Error in connection establishment: net::ERR_CONNECTION_REFUSED @ http://localhost:4200/@vite/client:985
[33375645ms] [ERROR] WebSocket connection to 'ws://localhost:4200/' failed: Error in connection establishment: net::ERR_CONNECTION_REFUSED @ http://localhost:4200/@vite/client:985
[33381582ms] [ERROR] WebSocket connection to 'ws://localhost:4200/' failed: Error in connection establishment: net::ERR_CONNECTION_REFUSED @ http://localhost:4200/@vite/client:985
[33386524ms] [ERROR] WebSocket connection to 'ws://localhost:4200/' failed: Error in connection establishment: net::ERR_CONNECTION_REFUSED @ http://localhost:4200/@vite/client:985
[33388792ms] [ERROR] WebSocket connection to 'ws://localhost:4200/' failed: Error in connection establishment: net::ERR_CONNECTION_REFUSED @ http://localhost:4200/@vite/client:985
[33391586ms] [ERROR] WebSocket connection to 'ws://localhost:4200/' failed: Error in connection establishment: net::ERR_CONNECTION_REFUSED @ http://localhost:4200/@vite/client:985
[33397071ms] [ERROR] WebSocket connection to 'ws://localhost:4200/' failed: Error in connection establishment: net::ERR_CONNECTION_REFUSED @ http://localhost:4200/@vite/client:985
[33401320ms] [ERROR] WebSocket connection to 'ws://localhost:4200/' failed: Error in connection establishment: net::ERR_CONNECTION_REFUSED @ http://localhost:4200/@vite/client:985
[33403809ms] [ERROR] WebSocket connection to 'ws://localhost:4200/' failed: Error in connection establishment: net::ERR_CONNECTION_REFUSED @ http://localhost:4200/@vite/client:985
[33405864ms] [ERROR] WebSocket connection to 'ws://localhost:4200/' failed: Error in connection establishment: net::ERR_CONNECTION_REFUSED @ http://localhost:4200/@vite/client:985
[33411884ms] [ERROR] WebSocket connection to 'ws://localhost:4200/' failed: Error in connection establishment: net::ERR_CONNECTION_REFUSED @ http://localhost:4200/@vite/client:985
[33417258ms] [ERROR] WebSocket connection to 'ws://localhost:4200/' failed: Error in connection establishment: net::ERR_CONNECTION_REFUSED @ http://localhost:4200/@vite/client:985
[33422036ms] [ERROR] WebSocket connection to 'ws://localhost:4200/' failed: Error in connection establishment: net::ERR_CONNECTION_REFUSED @ http://localhost:4200/@vite/client:985
[33426210ms] [ERROR] WebSocket connection to 'ws://localhost:4200/' failed: Error in connection establishment: net::ERR_CONNECTION_REFUSED @ http://localhost:4200/@vite/client:985
[33428840ms] [ERROR] WebSocket connection to 'ws://localhost:4200/' failed: Error in connection establishment: net::ERR_CONNECTION_REFUSED @ http://localhost:4200/@vite/client:985
[33432860ms] [ERROR] WebSocket connection to 'ws://localhost:4200/' failed: Error in connection establishment: net::ERR_CONNECTION_REFUSED @ http://localhost:4200/@vite/client:985
[33435755ms] [ERROR] WebSocket connection to 'ws://localhost:4200/' failed: Error in connection establishment: net::ERR_CONNECTION_REFUSED @ http://localhost:4200/@vite/client:985
[33439247ms] [ERROR] WebSocket connection to 'ws://localhost:4200/' failed: Error in connection establishment: net::ERR_CONNECTION_REFUSED @ http://localhost:4200/@vite/client:985
[33441901ms] [ERROR] WebSocket connection to 'ws://localhost:4200/' failed: Error in connection establishment: net::ERR_CONNECTION_REFUSED @ http://localhost:4200/@vite/client:985
[33444787ms] [ERROR] WebSocket connection to 'ws://localhost:4200/' failed: Error in connection establishment: net::ERR_CONNECTION_REFUSED @ http://localhost:4200/@vite/client:985
[33446935ms] [ERROR] WebSocket connection to 'ws://localhost:4200/' failed: Error in connection establishment: net::ERR_CONNECTION_REFUSED @ http://localhost:4200/@vite/client:985
[33451497ms] [ERROR] WebSocket connection to 'ws://localhost:4200/' failed: Error in connection establishment: net::ERR_CONNECTION_REFUSED @ http://localhost:4200/@vite/client:985
[33455627ms] [ERROR] WebSocket connection to 'ws://localhost:4200/' failed: Error in connection establishment: net::ERR_CONNECTION_REFUSED @ http://localhost:4200/@vite/client:985
[33459622ms] [ERROR] WebSocket connection to 'ws://localhost:4200/' failed: Error in connection establishment: net::ERR_CONNECTION_REFUSED @ http://localhost:4200/@vite/client:985
[33465592ms] [ERROR] WebSocket connection to 'ws://localhost:4200/' failed: Error in connection establishment: net::ERR_CONNECTION_REFUSED @ http://localhost:4200/@vite/client:985
[33469955ms] [ERROR] WebSocket connection to 'ws://localhost:4200/' failed: Error in connection establishment: net::ERR_CONNECTION_REFUSED @ http://localhost:4200/@vite/client:985
[33474633ms] [ERROR] WebSocket connection to 'ws://localhost:4200/' failed: Error in connection establishment: net::ERR_CONNECTION_REFUSED @ http://localhost:4200/@vite/client:985
[33478908ms] [ERROR] WebSocket connection to 'ws://localhost:4200/' failed: Error in connection establishment: net::ERR_CONNECTION_REFUSED @ http://localhost:4200/@vite/client:985
[33484661ms] [ERROR] WebSocket connection to 'ws://localhost:4200/' failed: Error in connection establishment: net::ERR_CONNECTION_REFUSED @ http://localhost:4200/@vite/client:985
[33487221ms] [ERROR] WebSocket connection to 'ws://localhost:4200/' failed: Error in connection establishment: net::ERR_CONNECTION_REFUSED @ http://localhost:4200/@vite/client:985
[33492766ms] [ERROR] WebSocket connection to 'ws://localhost:4200/' failed: Error in connection establishment: net::ERR_CONNECTION_REFUSED @ http://localhost:4200/@vite/client:985
[33496081ms] [ERROR] WebSocket connection to 'ws://localhost:4200/' failed: Error in connection establishment: net::ERR_CONNECTION_REFUSED @ http://localhost:4200/@vite/client:985
[33498210ms] [ERROR] WebSocket connection to 'ws://localhost:4200/' failed: Error in connection establishment: net::ERR_CONNECTION_REFUSED @ http://localhost:4200/@vite/client:985
[33500465ms] [ERROR] WebSocket connection to 'ws://localhost:4200/' failed: Error in connection establishment: net::ERR_CONNECTION_REFUSED @ http://localhost:4200/@vite/client:985
[33505470ms] [ERROR] WebSocket connection to 'ws://localhost:4200/' failed: Error in connection establishment: net::ERR_CONNECTION_REFUSED @ http://localhost:4200/@vite/client:985
[33508774ms] [ERROR] WebSocket connection to 'ws://localhost:4200/' failed: Error in connection establishment: net::ERR_CONNECTION_REFUSED @ http://localhost:4200/@vite/client:985
[33512571ms] [ERROR] WebSocket connection to 'ws://localhost:4200/' failed: Error in connection establishment: net::ERR_CONNECTION_REFUSED @ http://localhost:4200/@vite/client:985
[33515211ms] [ERROR] WebSocket connection to 'ws://localhost:4200/' failed: Error in connection establishment: net::ERR_CONNECTION_REFUSED @ http://localhost:4200/@vite/client:985
[33517603ms] [ERROR] WebSocket connection to 'ws://localhost:4200/' failed: Error in connection establishment: net::ERR_CONNECTION_REFUSED @ http://localhost:4200/@vite/client:985
[33523543ms] [ERROR] WebSocket connection to 'ws://localhost:4200/' failed: Error in connection establishment: net::ERR_CONNECTION_REFUSED @ http://localhost:4200/@vite/client:985
[33526317ms] [ERROR] WebSocket connection to 'ws://localhost:4200/' failed: Error in connection establishment: net::ERR_CONNECTION_REFUSED @ http://localhost:4200/@vite/client:985
[33531757ms] [ERROR] WebSocket connection to 'ws://localhost:4200/' failed: Error in connection establishment: net::ERR_CONNECTION_REFUSED @ http://localhost:4200/@vite/client:985
[33536565ms] [ERROR] WebSocket connection to 'ws://localhost:4200/' failed: Error in connection establishment: net::ERR_CONNECTION_REFUSED @ http://localhost:4200/@vite/client:985
[33542025ms] [ERROR] WebSocket connection to 'ws://localhost:4200/' failed: Error in connection establishment: net::ERR_CONNECTION_REFUSED @ http://localhost:4200/@vite/client:985
[33547924ms] [ERROR] WebSocket connection to 'ws://localhost:4200/' failed: Error in connection establishment: net::ERR_CONNECTION_REFUSED @ http://localhost:4200/@vite/client:985
[33551941ms] [ERROR] WebSocket connection to 'ws://localhost:4200/' failed: Error in connection establishment: net::ERR_CONNECTION_REFUSED @ http://localhost:4200/@vite/client:985
[33554867ms] [ERROR] WebSocket connection to 'ws://localhost:4200/' failed: Error in connection establishment: net::ERR_CONNECTION_REFUSED @ http://localhost:4200/@vite/client:985
[33560178ms] [ERROR] WebSocket connection to 'ws://localhost:4200/' failed: Error in connection establishment: net::ERR_CONNECTION_REFUSED @ http://localhost:4200/@vite/client:985
[33563649ms] [ERROR] WebSocket connection to 'ws://localhost:4200/' failed: Error in connection establishment: net::ERR_CONNECTION_REFUSED @ http://localhost:4200/@vite/client:985
[33567334ms] [ERROR] WebSocket connection to 'ws://localhost:4200/' failed: Error in connection establishment: net::ERR_CONNECTION_REFUSED @ http://localhost:4200/@vite/client:985
[33572092ms] [ERROR] WebSocket connection to 'ws://localhost:4200/' failed: Error in connection establishment: net::ERR_CONNECTION_REFUSED @ http://localhost:4200/@vite/client:985
[33576042ms] [ERROR] WebSocket connection to 'ws://localhost:4200/' failed: Error in connection establishment: net::ERR_CONNECTION_REFUSED @ http://localhost:4200/@vite/client:985
[33580004ms] [ERROR] WebSocket connection to 'ws://localhost:4200/' failed: Error in connection establishment: net::ERR_CONNECTION_REFUSED @ http://localhost:4200/@vite/client:985
[33583791ms] [ERROR] WebSocket connection to 'ws://localhost:4200/' failed: Error in connection establishment: net::ERR_CONNECTION_REFUSED @ http://localhost:4200/@vite/client:985
[33588919ms] [ERROR] WebSocket connection to 'ws://localhost:4200/' failed: Error in connection establishment: net::ERR_CONNECTION_REFUSED @ http://localhost:4200/@vite/client:985
[33592767ms] [ERROR] WebSocket connection to 'ws://localhost:4200/' failed: Error in connection establishment: net::ERR_CONNECTION_REFUSED @ http://localhost:4200/@vite/client:985
[33594940ms] [ERROR] WebSocket connection to 'ws://localhost:4200/' failed: Error in connection establishment: net::ERR_CONNECTION_REFUSED @ http://localhost:4200/@vite/client:985
[33600903ms] [ERROR] WebSocket connection to 'ws://localhost:4200/' failed: Error in connection establishment: net::ERR_CONNECTION_REFUSED @ http://localhost:4200/@vite/client:985
[33605386ms] [ERROR] WebSocket connection to 'ws://localhost:4200/' failed: Error in connection establishment: net::ERR_CONNECTION_REFUSED @ http://localhost:4200/@vite/client:985
[33609885ms] [ERROR] WebSocket connection to 'ws://localhost:4200/' failed: Error in connection establishment: net::ERR_CONNECTION_REFUSED @ http://localhost:4200/@vite/client:985
[33613835ms] [ERROR] WebSocket connection to 'ws://localhost:4200/' failed: Error in connection establishment: net::ERR_CONNECTION_REFUSED @ http://localhost:4200/@vite/client:985
[33619359ms] [ERROR] WebSocket connection to 'ws://localhost:4200/' failed: Error in connection establishment: net::ERR_CONNECTION_REFUSED @ http://localhost:4200/@vite/client:985
[33623369ms] [ERROR] WebSocket connection to 'ws://localhost:4200/' failed: Error in connection establishment: net::ERR_CONNECTION_REFUSED @ http://localhost:4200/@vite/client:985
[33627358ms] [ERROR] WebSocket connection to 'ws://localhost:4200/' failed: Error in connection establishment: net::ERR_CONNECTION_REFUSED @ http://localhost:4200/@vite/client:985
[33631291ms] [ERROR] WebSocket connection to 'ws://localhost:4200/' failed: Error in connection establishment: net::ERR_CONNECTION_REFUSED @ http://localhost:4200/@vite/client:985
[33633857ms] [ERROR] WebSocket connection to 'ws://localhost:4200/' failed: Error in connection establishment: net::ERR_CONNECTION_REFUSED @ http://localhost:4200/@vite/client:985
[33636968ms] [ERROR] WebSocket connection to 'ws://localhost:4200/' failed: Error in connection establishment: net::ERR_CONNECTION_REFUSED @ http://localhost:4200/@vite/client:985
[33641703ms] [ERROR] WebSocket connection to 'ws://localhost:4200/' failed: Error in connection establishment: net::ERR_CONNECTION_REFUSED @ http://localhost:4200/@vite/client:985
[33646358ms] [ERROR] WebSocket connection to 'ws://localhost:4200/' failed: Error in connection establishment: net::ERR_CONNECTION_REFUSED @ http://localhost:4200/@vite/client:985
[33651847ms] [ERROR] WebSocket connection to 'ws://localhost:4200/' failed: Error in connection establishment: net::ERR_CONNECTION_REFUSED @ http://localhost:4200/@vite/client:985
[33657913ms] [ERROR] WebSocket connection to 'ws://localhost:4200/' failed: Error in connection establishment: net::ERR_CONNECTION_REFUSED @ http://localhost:4200/@vite/client:985
[33661547ms] [ERROR] WebSocket connection to 'ws://localhost:4200/' failed: Error in connection establishment: net::ERR_CONNECTION_REFUSED @ http://localhost:4200/@vite/client:985
[33666466ms] [ERROR] WebSocket connection to 'ws://localhost:4200/' failed: Error in connection establishment: net::ERR_CONNECTION_REFUSED @ http://localhost:4200/@vite/client:985
[33669972ms] [ERROR] WebSocket connection to 'ws://localhost:4200/' failed: Error in connection establishment: net::ERR_CONNECTION_REFUSED @ http://localhost:4200/@vite/client:985
[33672380ms] [ERROR] WebSocket connection to 'ws://localhost:4200/' failed: Error in connection establishment: net::ERR_CONNECTION_REFUSED @ http://localhost:4200/@vite/client:985
[33677624ms] [ERROR] WebSocket connection to 'ws://localhost:4200/' failed: Error in connection establishment: net::ERR_CONNECTION_REFUSED @ http://localhost:4200/@vite/client:985
[33681835ms] [ERROR] WebSocket connection to 'ws://localhost:4200/' failed: Error in connection establishment: net::ERR_CONNECTION_REFUSED @ http://localhost:4200/@vite/client:985
[33684687ms] [ERROR] WebSocket connection to 'ws://localhost:4200/' failed: Error in connection establishment: net::ERR_CONNECTION_REFUSED @ http://localhost:4200/@vite/client:985
[33686982ms] [ERROR] WebSocket connection to 'ws://localhost:4200/' failed: Error in connection establishment: net::ERR_CONNECTION_REFUSED @ http://localhost:4200/@vite/client:985
[33689218ms] [ERROR] WebSocket connection to 'ws://localhost:4200/' failed: Error in connection establishment: net::ERR_CONNECTION_REFUSED @ http://localhost:4200/@vite/client:985
[33692928ms] [ERROR] WebSocket connection to 'ws://localhost:4200/' failed: Error in connection establishment: net::ERR_CONNECTION_REFUSED @ http://localhost:4200/@vite/client:985
[33698244ms] [ERROR] WebSocket connection to 'ws://localhost:4200/' failed: Error in connection establishment: net::ERR_CONNECTION_REFUSED @ http://localhost:4200/@vite/client:985
[33704197ms] [ERROR] WebSocket connection to 'ws://localhost:4200/' failed: Error in connection establishment: net::ERR_CONNECTION_REFUSED @ http://localhost:4200/@vite/client:985
[33708705ms] [ERROR] WebSocket connection to 'ws://localhost:4200/' failed: Error in connection establishment: net::ERR_CONNECTION_REFUSED @ http://localhost:4200/@vite/client:985
[33711993ms] [ERROR] WebSocket connection to 'ws://localhost:4200/' failed: Error in connection establishment: net::ERR_CONNECTION_REFUSED @ http://localhost:4200/@vite/client:985
[33717634ms] [ERROR] WebSocket connection to 'ws://localhost:4200/' failed: Error in connection establishment: net::ERR_CONNECTION_REFUSED @ http://localhost:4200/@vite/client:985
[33722435ms] [ERROR] WebSocket connection to 'ws://localhost:4200/' failed: Error in connection establishment: net::ERR_CONNECTION_REFUSED @ http://localhost:4200/@vite/client:985
[33724816ms] [ERROR] WebSocket connection to 'ws://localhost:4200/' failed: Error in connection establishment: net::ERR_CONNECTION_REFUSED @ http://localhost:4200/@vite/client:985
[33728571ms] [ERROR] WebSocket connection to 'ws://localhost:4200/' failed: Error in connection establishment: net::ERR_CONNECTION_REFUSED @ http://localhost:4200/@vite/client:985
[33733022ms] [ERROR] WebSocket connection to 'ws://localhost:4200/' failed: Error in connection establishment: net::ERR_CONNECTION_REFUSED @ http://localhost:4200/@vite/client:985
[33735979ms] [ERROR] WebSocket connection to 'ws://localhost:4200/' failed: Error in connection establishment: net::ERR_CONNECTION_REFUSED @ http://localhost:4200/@vite/client:985
[33739956ms] [ERROR] WebSocket connection to 'ws://localhost:4200/' failed: Error in connection establishment: net::ERR_CONNECTION_REFUSED @ http://localhost:4200/@vite/client:985
[33743117ms] [ERROR] WebSocket connection to 'ws://localhost:4200/' failed: Error in connection establishment: net::ERR_CONNECTION_REFUSED @ http://localhost:4200/@vite/client:985
[33747891ms] [ERROR] WebSocket connection to 'ws://localhost:4200/' failed: Error in connection establishment: net::ERR_CONNECTION_REFUSED @ http://localhost:4200/@vite/client:985
[33753026ms] [ERROR] WebSocket connection to 'ws://localhost:4200/' failed: Error in connection establishment: net::ERR_CONNECTION_REFUSED @ http://localhost:4200/@vite/client:985
[33755715ms] [ERROR] WebSocket connection to 'ws://localhost:4200/' failed: Error in connection establishment: net::ERR_CONNECTION_REFUSED @ http://localhost:4200/@vite/client:985
[33760233ms] [ERROR] WebSocket connection to 'ws://localhost:4200/' failed: Error in connection establishment: net::ERR_CONNECTION_REFUSED @ http://localhost:4200/@vite/client:985
[33766026ms] [ERROR] WebSocket connection to 'ws://localhost:4200/' failed: Error in connection establishment: net::ERR_CONNECTION_REFUSED @ http://localhost:4200/@vite/client:985
[33768576ms] [ERROR] WebSocket connection to 'ws://localhost:4200/' failed: Error in connection establishment: net::ERR_CONNECTION_REFUSED @ http://localhost:4200/@vite/client:985
[33773879ms] [ERROR] WebSocket connection to 'ws://localhost:4200/' failed: Error in connection establishment: net::ERR_CONNECTION_REFUSED @ http://localhost:4200/@vite/client:985
[33776928ms] [ERROR] WebSocket connection to 'ws://localhost:4200/' failed: Error in connection establishment: net::ERR_CONNECTION_REFUSED @ http://localhost:4200/@vite/client:985
[33779607ms] [ERROR] WebSocket connection to 'ws://localhost:4200/' failed: Error in connection establishment: net::ERR_CONNECTION_REFUSED @ http://localhost:4200/@vite/client:985
[33784902ms] [ERROR] WebSocket connection to 'ws://localhost:4200/' failed: Error in connection establishment: net::ERR_CONNECTION_REFUSED @ http://localhost:4200/@vite/client:985
[33789107ms] [ERROR] WebSocket connection to 'ws://localhost:4200/' failed: Error in connection establishment: net::ERR_CONNECTION_REFUSED @ http://localhost:4200/@vite/client:985
[33791418ms] [ERROR] WebSocket connection to 'ws://localhost:4200/' failed: Error in connection establishment: net::ERR_CONNECTION_REFUSED @ http://localhost:4200/@vite/client:985
[33795449ms] [ERROR] WebSocket connection to 'ws://localhost:4200/' failed: Error in connection establishment: net::ERR_CONNECTION_REFUSED @ http://localhost:4200/@vite/client:985
[33800403ms] [ERROR] WebSocket connection to 'ws://localhost:4200/' failed: Error in connection establishment: net::ERR_CONNECTION_REFUSED @ http://localhost:4200/@vite/client:985
[33806325ms] [ERROR] WebSocket connection to 'ws://localhost:4200/' failed: Error in connection establishment: net::ERR_CONNECTION_REFUSED @ http://localhost:4200/@vite/client:985
[33811126ms] [ERROR] WebSocket connection to 'ws://localhost:4200/' failed: Error in connection establishment: net::ERR_CONNECTION_REFUSED @ http://localhost:4200/@vite/client:985
[33814751ms] [ERROR] WebSocket connection to 'ws://localhost:4200/' failed: Error in connection establishment: net::ERR_CONNECTION_REFUSED @ http://localhost:4200/@vite/client:985
[33817859ms] [ERROR] WebSocket connection to 'ws://localhost:4200/' failed: Error in connection establishment: net::ERR_CONNECTION_REFUSED @ http://localhost:4200/@vite/client:985
[33821437ms] [ERROR] WebSocket connection to 'ws://localhost:4200/' failed: Error in connection establishment: net::ERR_CONNECTION_REFUSED @ http://localhost:4200/@vite/client:985
[33826291ms] [ERROR] WebSocket connection to 'ws://localhost:4200/' failed: Error in connection establishment: net::ERR_CONNECTION_REFUSED @ http://localhost:4200/@vite/client:985
[33831469ms] [ERROR] WebSocket connection to 'ws://localhost:4200/' failed: Error in connection establishment: net::ERR_CONNECTION_REFUSED @ http://localhost:4200/@vite/client:985
[33834902ms] [ERROR] WebSocket connection to 'ws://localhost:4200/' failed: Error in connection establishment: net::ERR_CONNECTION_REFUSED @ http://localhost:4200/@vite/client:985
[33838124ms] [ERROR] WebSocket connection to 'ws://localhost:4200/' failed: Error in connection establishment: net::ERR_CONNECTION_REFUSED @ http://localhost:4200/@vite/client:985
[33840460ms] [ERROR] WebSocket connection to 'ws://localhost:4200/' failed: Error in connection establishment: net::ERR_CONNECTION_REFUSED @ http://localhost:4200/@vite/client:985
[33843348ms] [ERROR] WebSocket connection to 'ws://localhost:4200/' failed: Error in connection establishment: net::ERR_CONNECTION_REFUSED @ http://localhost:4200/@vite/client:985
[33847380ms] [ERROR] WebSocket connection to 'ws://localhost:4200/' failed: Error in connection establishment: net::ERR_CONNECTION_REFUSED @ http://localhost:4200/@vite/client:985
[33849608ms] [ERROR] WebSocket connection to 'ws://localhost:4200/' failed: Error in connection establishment: net::ERR_CONNECTION_REFUSED @ http://localhost:4200/@vite/client:985
[33854827ms] [ERROR] WebSocket connection to 'ws://localhost:4200/' failed: Error in connection establishment: net::ERR_CONNECTION_REFUSED @ http://localhost:4200/@vite/client:985
[33860297ms] [ERROR] WebSocket connection to 'ws://localhost:4200/' failed: Error in connection establishment: net::ERR_CONNECTION_REFUSED @ http://localhost:4200/@vite/client:985
[33862902ms] [ERROR] WebSocket connection to 'ws://localhost:4200/' failed: Error in connection establishment: net::ERR_CONNECTION_REFUSED @ http://localhost:4200/@vite/client:985
[33864954ms] [ERROR] WebSocket connection to 'ws://localhost:4200/' failed: Error in connection establishment: net::ERR_CONNECTION_REFUSED @ http://localhost:4200/@vite/client:985
[33868345ms] [ERROR] WebSocket connection to 'ws://localhost:4200/' failed: Error in connection establishment: net::ERR_CONNECTION_REFUSED @ http://localhost:4200/@vite/client:985
[33870562ms] [ERROR] WebSocket connection to 'ws://localhost:4200/' failed: Error in connection establishment: net::ERR_CONNECTION_REFUSED @ http://localhost:4200/@vite/client:985
[33873152ms] [ERROR] WebSocket connection to 'ws://localhost:4200/' failed: Error in connection establishment: net::ERR_CONNECTION_REFUSED @ http://localhost:4200/@vite/client:985
[33876769ms] [ERROR] WebSocket connection to 'ws://localhost:4200/' failed: Error in connection establishment: net::ERR_CONNECTION_REFUSED @ http://localhost:4200/@vite/client:985
[33880733ms] [ERROR] WebSocket connection to 'ws://localhost:4200/' failed: Error in connection establishment: net::ERR_CONNECTION_REFUSED @ http://localhost:4200/@vite/client:985
[33884536ms] [ERROR] WebSocket connection to 'ws://localhost:4200/' failed: Error in connection establishment: net::ERR_CONNECTION_REFUSED @ http://localhost:4200/@vite/client:985
[33890295ms] [ERROR] WebSocket connection to 'ws://localhost:4200/' failed: Error in connection establishment: net::ERR_CONNECTION_REFUSED @ http://localhost:4200/@vite/client:985
[33893900ms] [ERROR] WebSocket connection to 'ws://localhost:4200/' failed: Error in connection establishment: net::ERR_CONNECTION_REFUSED @ http://localhost:4200/@vite/client:985
[33896651ms] [ERROR] WebSocket connection to 'ws://localhost:4200/' failed: Error in connection establishment: net::ERR_CONNECTION_REFUSED @ http://localhost:4200/@vite/client:985
[33900470ms] [ERROR] WebSocket connection to 'ws://localhost:4200/' failed: Error in connection establishment: net::ERR_CONNECTION_REFUSED @ http://localhost:4200/@vite/client:985
[33904442ms] [ERROR] WebSocket connection to 'ws://localhost:4200/' failed: Error in connection establishment: net::ERR_CONNECTION_REFUSED @ http://localhost:4200/@vite/client:985
[33909150ms] [ERROR] WebSocket connection to 'ws://localhost:4200/' failed: Error in connection establishment: net::ERR_CONNECTION_REFUSED @ http://localhost:4200/@vite/client:985
[33912978ms] [ERROR] WebSocket connection to 'ws://localhost:4200/' failed: Error in connection establishment: net::ERR_CONNECTION_REFUSED @ http://localhost:4200/@vite/client:985
[33915291ms] [ERROR] WebSocket connection to 'ws://localhost:4200/' failed: Error in connection establishment: net::ERR_CONNECTION_REFUSED @ http://localhost:4200/@vite/client:985
[33920944ms] [ERROR] WebSocket connection to 'ws://localhost:4200/' failed: Error in connection establishment: net::ERR_CONNECTION_REFUSED @ http://localhost:4200/@vite/client:985
[33923853ms] [ERROR] WebSocket connection to 'ws://localhost:4200/' failed: Error in connection establishment: net::ERR_CONNECTION_REFUSED @ http://localhost:4200/@vite/client:985
[33926472ms] [ERROR] WebSocket connection to 'ws://localhost:4200/' failed: Error in connection establishment: net::ERR_CONNECTION_REFUSED @ http://localhost:4200/@vite/client:985
[33929067ms] [ERROR] WebSocket connection to 'ws://localhost:4200/' failed: Error in connection establishment: net::ERR_CONNECTION_REFUSED @ http://localhost:4200/@vite/client:985
[33931641ms] [ERROR] WebSocket connection to 'ws://localhost:4200/' failed: Error in connection establishment: net::ERR_CONNECTION_REFUSED @ http://localhost:4200/@vite/client:985
[33934858ms] [ERROR] WebSocket connection to 'ws://localhost:4200/' failed: Error in connection establishment: net::ERR_CONNECTION_REFUSED @ http://localhost:4200/@vite/client:985
[33940074ms] [ERROR] WebSocket connection to 'ws://localhost:4200/' failed: Error in connection establishment: net::ERR_CONNECTION_REFUSED @ http://localhost:4200/@vite/client:985
[33944616ms] [ERROR] WebSocket connection to 'ws://localhost:4200/' failed: Error in connection establishment: net::ERR_CONNECTION_REFUSED @ http://localhost:4200/@vite/client:985
[33948911ms] [ERROR] WebSocket connection to 'ws://localhost:4200/' failed: Error in connection establishment: net::ERR_CONNECTION_REFUSED @ http://localhost:4200/@vite/client:985
[33952751ms] [ERROR] WebSocket connection to 'ws://localhost:4200/' failed: Error in connection establishment: net::ERR_CONNECTION_REFUSED @ http://localhost:4200/@vite/client:985
